race,class,level,str,agi,sta,inte,spi,basehp,basemana
1,1,1,23,20,22,20,21,20,0
1,1,2,24,21,23,20,21,29,0
1,1,3,25,21,24,20,22,38,0
1,1,4,26,22,25,20,22,47,0
1,1,5,28,23,26,20,22,56,0
1,1,6,29,24,27,21,22,65,0
1,1,7,30,24,28,21,23,74,0
1,1,8,31,25,29,21,23,83,0
1,1,9,32,26,30,21,23,92,0
1,1,10,33,26,31,21,24,101,0
1,1,11,35,27,33,21,24,100,0
1,1,12,36,28,34,21,24,109,0
1,1,13,37,29,35,21,25,118,0
1,1,14,39,30,36,22,25,128,0
1,1,15,40,30,37,22,25,139,0
1,1,16,41,31,38,22,26,151,0
1,1,17,42,32,40,22,26,154,0
1,1,18,44,33,41,22,26,168,0
1,1,19,44,33,41,22,26,168,0
1,1,20,47,35,43,22,27,199,0
1,1,21,48,35,45,23,27,206,0
1,1,22,49,36,46,23,28,224,0
1,1,23,51,37,47,23,28,243,0
1,1,24,52,38,49,23,29,253,0
1,1,25,54,39,50,23,29,274,0
1,1,26,55,40,51,23,29,296,0
1,1,27,57,41,53,23,30,309,0
1,1,28,58,42,54,24,30,333,0
1,1,29,60,43,56,24,31,348,0
1,1,30,62,44,57,24,31,374,0
1,1,31,63,45,58,24,31,401,0
1,1,32,65,46,60,24,32,419,0
1,1,33,66,47,61,24,32,448,0
1,1,34,68,48,63,25,33,468,0
1,1,35,70,49,64,25,33,499,0
1,1,36,72,50,66,25,34,521,0
1,1,37,73,51,68,25,34,545,0
1,1,38,75,52,69,25,34,581,0
1,1,39,77,53,71,26,35,609,0
1,1,40,79,54,72,26,35,649,0
1,1,41,80,56,74,26,36,681,0
1,1,42,82,57,76,26,36,715,0
1,1,43,84,58,77,26,37,761,0
1,1,44,86,59,79,26,37,799,0
1,1,45,88,60,81,27,38,839,0
1,1,46,90,61,83,27,38,881,0
1,1,47,92,63,84,27,39,935,0
1,1,48,94,64,86,27,39,981,0
1,1,49,96,65,88,28,40,1029,0
1,1,50,98,66,90,28,40,1079,0
1,1,51,100,68,92,28,42,1131,0
1,1,52,102,69,94,28,42,1185,0
1,1,53,104,70,96,28,43,1241,0
1,1,54,106,72,98,29,44,1299,0
1,1,55,109,73,100,29,44,1359,0
1,1,56,111,74,102,29,45,1421,0
1,1,57,113,76,104,29,45,1485,0
1,1,58,115,77,106,30,46,1551,0
1,1,59,118,79,108,30,46,1619,0
1,1,60,120,80,110,30,47,1689,0
1,2,1,22,20,22,20,22,28,59
1,2,2,23,21,23,21,23,26,64
1,2,3,24,21,24,21,23,34,84
1,2,4,25,22,25,22,24,42,90
1,2,5,26,22,26,22,25,50,112
1,2,6,27,23,27,23,25,58,120
1,2,7,28,23,28,24,26,66,129
1,2,8,29,24,28,24,26,84,154
1,2,9,30,24,29,25,27,92,165
1,2,10,31,25,30,25,28,100,192
1,2,11,32,25,31,26,29,108,205
1,2,12,33,26,32,27,29,116,219
1,2,13,34,27,33,27,30,124,249
1,2,14,35,27,34,28,31,132,265
1,2,15,36,28,36,29,31,131,282
1,2,16,38,28,37,29,32,141,315
1,2,17,39,29,38,30,33,152,334
1,2,18,40,30,39,31,34,164,354
1,2,19,41,30,40,31,34,177,390
1,2,20,42,31,41,32,35,191,412
1,2,21,43,32,42,33,36,206,435
1,2,22,45,32,43,34,37,222,459
1,2,23,46,33,44,34,38,239,499
1,2,24,47,34,46,35,38,247,525
1,2,25,48,34,47,36,39,266,552
1,2,26,50,35,48,37,40,286,579
1,2,27,51,36,49,37,42,307,621
1,2,28,52,36,50,38,43,329,648
1,2,29,54,37,52,39,44,342,675
1,2,30,55,38,53,40,44,366,702
1,2,31,56,39,54,41,45,391,729
1,2,32,58,39,56,42,46,407,756
1,2,33,59,40,57,42,47,434,798
1,2,34,61,41,58,43,48,462,825
1,2,35,62,42,60,44,49,481,852
1,2,36,64,43,61,45,50,511,879
1,2,37,65,43,62,46,51,542,906
1,2,38,67,44,64,47,52,564,933
1,2,39,68,45,65,48,53,597,960
1,2,40,70,46,67,49,54,621,987
1,2,41,71,47,68,50,55,656,1014
1,2,42,73,47,70,51,56,682,1041
1,2,43,74,48,71,52,57,719,1068
1,2,44,76,49,73,52,58,747,1110
1,2,45,78,50,74,53,59,786,1137
1,2,46,79,51,76,54,60,816,1164
1,2,47,81,52,77,56,61,857,1176
1,2,48,83,53,79,57,63,889,1203
1,2,49,84,54,81,58,65,922,1230
1,2,50,86,55,82,59,66,966,1257
1,2,51,88,56,84,60,67,1001,1284
1,2,52,90,57,86,61,68,1037,1311
1,2,53,92,58,87,62,69,1084,1338
1,2,54,93,59,89,63,70,1122,1365
1,2,55,95,60,91,64,72,1161,1392
1,2,56,97,61,93,65,73,1201,1419
1,2,57,99,62,94,66,74,1252,1446
1,2,58,101,63,96,68,75,1294,1458
1,2,59,103,64,98,69,77,1337,1485
1,2,60,105,65,100,70,78,1381,1512
1,4,1,21,23,21,20,20,25,0
1,4,2,22,24,22,20,21,32,0
1,4,3,22,25,22,20,22,49,0
1,4,4,23,27,23,21,22,56,0
1,4,5,24,28,24,21,22,63,0
1,4,6,24,29,24,21,23,80,0
1,4,7,25,31,25,21,23,87,0
1,4,8,26,32,25,21,23,104,0
1,4,9,27,33,26,21,24,111,0
1,4,10,27,35,27,22,24,118,0
1,4,11,28,36,28,22,25,125,0
1,4,12,29,37,28,22,25,142,0
1,4,13,30,39,29,22,25,149,0
1,4,14,30,40,30,22,26,156,0
1,4,15,31,42,30,23,26,173,0
1,4,16,32,43,31,23,27,181,0
1,4,17,33,44,32,23,27,190,0
1,4,18,34,46,33,23,27,200,0
1,4,19,35,48,33,23,28,221,0
1,4,20,35,49,34,24,28,233,0
1,4,21,36,51,35,24,29,246,0
1,4,22,37,52,36,24,29,260,0
1,4,23,38,54,37,24,30,275,0
1,4,24,39,55,37,25,30,301,0
1,4,25,40,57,38,25,31,318,0
1,4,26,41,59,39,25,31,336,0
1,4,27,42,60,40,25,31,355,0
1,4,28,43,62,41,25,32,375,0
1,4,29,43,64,42,26,32,396,0
1,4,30,44,66,42,26,33,428,0
1,4,31,45,67,43,26,33,451,0
1,4,32,46,69,44,26,34,475,0
1,4,33,47,71,45,27,34,500,0
1,4,34,48,73,46,27,35,526,0
1,4,35,49,75,47,27,35,553,0
1,4,36,51,77,48,28,36,581,0
1,4,37,52,78,49,28,37,610,0
1,4,38,53,80,50,28,37,640,0
1,4,39,54,82,51,28,38,671,0
1,4,40,55,84,52,29,38,703,0
1,4,41,56,86,53,29,39,736,0
1,4,42,57,88,54,29,39,770,0
1,4,43,58,90,55,29,40,805,0
1,4,44,59,93,56,30,40,841,0
1,4,45,61,95,57,30,42,878,0
1,4,46,62,97,58,30,43,916,0
1,4,47,63,99,59,31,43,955,0
1,4,48,64,101,60,31,44,995,0
1,4,49,65,103,62,31,45,1026,0
1,4,50,67,106,63,32,45,1068,0
1,4,51,68,108,64,32,46,1111,0
1,4,52,69,110,65,32,46,1155,0
1,4,53,70,113,66,33,47,1200,0
1,4,54,72,115,67,33,48,1246,0
1,4,55,73,117,69,33,48,1283,0
1,4,56,74,120,70,34,49,1331,0
1,4,57,76,122,71,34,50,1380,0
1,4,58,77,125,72,34,51,1430,0
1,4,59,79,127,74,35,51,1471,0
1,4,60,80,130,75,35,52,1523,0
1,5,1,20,20,20,22,24,31,110
1,5,2,20,20,20,23,25,37,165
1,5,3,20,20,21,24,26,42,189
1,5,4,21,21,21,25,28,57,200
1,5,5,21,21,21,27,29,72,197
1,5,6,21,21,22,28,30,77,210
1,5,7,21,21,22,29,31,92,224
1,5,8,21,22,22,30,32,107,239
1,5,9,21,22,23,31,34,112,255
1,5,10,22,22,23,33,35,127,272
1,5,11,22,22,24,34,36,132,275
1,5,12,22,23,24,35,38,147,294
1,5,13,22,23,24,36,39,162,314
1,5,14,22,23,25,38,40,167,320
1,5,15,23,23,25,39,43,182,342
1,5,16,23,24,26,40,44,187,365
1,5,17,23,24,26,42,45,202,389
1,5,18,23,24,26,43,47,217,399
1,5,19,23,25,27,44,48,222,425
1,5,20,24,25,27,46,50,237,437
1,5,21,24,25,28,47,51,242,465
1,5,22,24,25,28,49,53,258,494
1,5,23,24,26,29,50,54,265,509
1,5,24,25,26,29,52,56,283,540
1,5,25,25,26,30,53,57,292,557
1,5,26,25,27,30,55,59,312,590
1,5,27,25,27,30,56,61,333,609
1,5,28,25,27,31,58,63,345,644
1,5,29,26,28,31,59,65,368,665
1,5,30,26,28,32,61,67,382,687
1,5,31,26,28,32,63,68,407,725
1,5,32,26,29,33,64,70,423,749
1,5,33,27,29,33,66,72,450,788
1,5,34,27,29,34,68,73,468,812
1,5,35,27,30,34,69,75,497,836
1,5,36,28,30,35,71,77,517,860
1,5,37,28,30,36,73,79,538,899
1,5,38,28,31,36,75,81,570,923
1,5,39,28,31,37,76,84,593,947
1,5,40,29,31,37,78,85,627,971
1,5,41,29,32,38,80,87,652,1010
1,5,42,29,32,38,82,89,688,1034
1,5,43,29,33,39,84,91,715,1058
1,5,44,30,33,39,86,93,753,1082
1,5,45,30,33,40,88,95,782,1106
1,5,46,30,34,41,90,97,812,1130
1,5,47,31,34,41,92,99,853,1154
1,5,48,31,35,42,94,102,885,1178
1,5,49,31,35,43,96,105,918,1202
1,5,50,32,35,43,98,107,962,1226
1,5,51,32,36,44,100,109,997,1250
1,5,52,32,36,44,102,111,1043,1274
1,5,53,33,37,45,104,113,1080,1298
1,5,54,33,37,46,106,116,1118,1322
1,5,55,33,38,46,109,118,1167,1331
1,5,56,34,38,47,111,120,1207,1355
1,5,57,34,39,48,113,123,1248,1379
1,5,58,34,39,49,115,126,1290,1403
1,5,59,35,40,49,118,129,1343,1412
1,5,60,35,40,50,120,131,1387,1436
1,8,1,20,20,20,23,22,31,100
1,8,2,20,20,20,24,24,37,170
1,8,3,20,20,21,25,25,42,181
1,8,4,20,21,21,27,26,57,178
1,8,5,20,21,21,28,28,72,191
1,8,6,21,21,21,29,29,87,205
1,8,7,21,21,22,30,30,92,220
1,8,8,21,21,22,31,31,107,221
1,8,9,21,21,22,33,32,122,238
1,8,10,21,22,23,34,34,127,256
1,8,11,21,22,23,35,35,142,275
1,8,12,21,22,23,37,36,157,280
1,8,13,21,22,24,38,37,162,301
1,8,14,22,22,24,39,39,177,323
1,8,15,22,23,24,41,40,192,331
1,8,16,22,23,25,42,42,197,355
1,8,17,22,23,25,43,44,212,365
1,8,18,22,23,25,45,45,227,391
1,8,19,22,23,26,46,46,232,403
1,8,20,22,24,26,48,48,247,431
1,8,21,23,24,26,49,49,262,445
1,8,22,23,24,27,51,51,267,475
1,8,23,23,24,27,52,52,282,491
1,8,24,23,25,28,54,54,288,523
1,8,25,23,25,28,55,55,305,541
1,8,26,23,25,28,57,57,323,575
1,8,27,23,25,29,59,58,332,595
1,8,28,24,25,29,60,60,352,616
1,8,29,24,26,30,62,61,363,652
1,8,30,24,26,30,64,64,385,673
1,8,31,24,26,30,65,66,408,694
1,8,32,24,26,31,67,67,422,730
1,8,33,24,27,31,69,69,447,751
1,8,34,25,27,32,70,71,463,772
1,8,35,25,27,32,72,72,490,793
1,8,36,25,28,33,74,74,508,814
1,8,37,25,28,33,76,76,537,850
1,8,38,25,28,33,78,78,567,871
1,8,39,26,28,34,80,79,588,892
1,8,40,26,29,34,81,81,620,913
1,8,41,26,29,35,83,84,643,934
1,8,42,26,29,35,85,86,677,955
1,8,43,26,29,36,87,88,702,976
1,8,44,26,30,36,89,90,738,997
1,8,45,27,30,37,91,92,765,1018
1,8,46,27,30,37,93,94,803,1039
1,8,47,27,31,38,95,96,832,1060
1,8,48,27,31,38,98,98,872,1081
1,8,49,28,31,39,100,100,903,1102
1,8,50,28,32,39,102,102,945,1108
1,8,51,28,32,40,104,105,978,1129
1,8,52,28,32,40,106,107,1022,1150
1,8,53,28,33,41,108,109,1057,1171
1,8,54,29,33,42,111,111,1093,1177
1,8,55,29,33,42,113,114,1140,1198
1,8,56,29,34,43,115,116,1178,1219
1,8,57,29,34,43,118,118,1227,1225
1,8,58,30,34,44,120,120,1267,1246
1,8,59,30,35,44,123,123,1318,1252
1,8,60,30,35,45,125,126,1360,1273
1,9,1,20,20,21,22,22,23,59
1,9,2,20,20,22,23,24,28,98
1,9,3,21,21,22,24,25,43,107
1,9,4,21,21,23,25,26,48,117
1,9,5,21,21,23,26,27,63,128
1,9,6,21,22,24,27,28,68,140
1,9,7,22,22,24,28,30,83,153
1,9,8,22,22,25,29,31,88,167
1,9,9,22,23,25,30,32,103,182
1,9,10,23,23,26,31,33,108,198
1,9,11,23,24,26,33,34,123,200
1,9,12,23,24,27,34,35,128,218
1,9,13,24,24,27,35,37,143,237
1,9,14,24,25,28,36,38,148,257
1,9,15,24,25,29,37,39,153,278
1,9,16,25,26,29,38,40,168,300
1,9,17,25,26,30,40,43,173,308
1,9,18,25,26,30,41,44,189,332
1,9,19,26,27,31,42,45,196,357
1,9,20,26,27,32,43,47,204,383
1,9,21,26,28,32,45,48,223,395
1,9,22,27,28,33,46,49,233,423
1,9,23,27,29,34,47,51,244,452
1,9,24,28,29,34,49,52,266,467
1,9,25,28,30,35,50,54,279,498
1,9,26,28,30,36,51,55,293,530
1,9,27,29,30,36,53,56,318,548
1,9,28,29,31,37,54,58,334,582
1,9,29,30,31,38,56,59,351,602
1,9,30,30,32,38,57,61,379,638
1,9,31,30,32,39,58,64,398,674
1,9,32,31,33,40,60,65,418,695
1,9,33,31,33,41,61,67,439,731
1,9,34,32,34,41,63,68,471,752
1,9,35,32,34,42,64,70,494,788
1,9,36,33,35,43,66,72,518,809
1,9,37,33,36,44,68,73,543,830
1,9,38,33,36,45,69,75,569,866
1,9,39,34,37,45,71,77,606,887
1,9,40,34,37,46,72,78,634,923
1,9,41,35,38,47,74,80,663,944
1,9,42,35,38,48,76,82,693,965
1,9,43,36,39,48,77,86,724,1001
1,9,44,36,39,50,79,86,756,1022
1,9,45,37,40,50,81,88,799,1043
1,9,46,37,41,51,83,90,823,1064
1,9,47,38,41,52,84,92,868,1100
1,9,48,38,42,53,86,94,904,1121
1,9,49,39,43,54,88,96,941,1142
1,9,50,39,43,55,90,98,979,1163
1,9,51,40,44,56,92,100,1018,1184
1,9,52,40,44,57,94,102,1058,1205
1,9,53,41,45,58,96,105,1089,1226
1,9,54,42,46,59,98,107,1131,1247
1,9,55,42,46,60,100,109,1184,1268
1,9,56,43,47,61,102,111,1228,1289
1,9,57,43,48,62,104,113,1273,1310
1,9,58,44,49,63,106,116,1319,1331
1,9,59,44,49,64,108,118,1366,1352
1,9,60,45,50,65,110,120,1414,1373
2,1,1,26,17,24,17,23,20,0
2,1,2,27,18,25,17,23,29,0
2,1,3,28,18,26,17,24,38,0
2,1,4,29,19,27,17,24,47,0
2,1,5,31,20,28,17,24,56,0
2,1,6,32,21,29,18,24,65,0
2,1,7,33,21,30,18,25,74,0
2,1,8,34,22,31,18,25,83,0
2,1,9,35,23,32,18,25,92,0
2,1,10,36,23,33,18,26,101,0
2,1,11,38,24,35,18,26,100,0
2,1,12,39,25,36,18,26,109,0
2,1,13,40,26,37,18,27,118,0
2,1,14,42,27,38,19,27,128,0
2,1,15,43,27,39,19,27,139,0
2,1,16,44,28,40,19,28,151,0
2,1,17,45,29,42,19,28,154,0
2,1,18,47,30,43,19,28,168,0
2,1,19,48,31,44,19,29,168,0
2,1,20,50,32,45,19,29,199,0
2,1,21,51,32,47,20,29,206,0
2,1,22,52,33,48,20,30,224,0
2,1,23,54,34,49,20,30,243,0
2,1,24,55,35,51,20,31,253,0
2,1,25,57,36,52,20,31,274,0
2,1,26,58,37,53,20,31,296,0
2,1,27,60,38,55,20,32,309,0
2,1,28,61,39,56,21,32,333,0
2,1,29,63,40,58,21,33,348,0
2,1,30,65,41,59,21,33,374,0
2,1,31,66,42,60,21,33,401,0
2,1,32,68,43,62,21,34,419,0
2,1,33,69,44,63,21,34,448,0
2,1,34,71,45,65,22,35,468,0
2,1,35,73,46,66,22,35,499,0
2,1,36,75,47,68,22,36,521,0
2,1,37,76,48,70,22,36,545,0
2,1,38,78,49,71,22,36,581,0
2,1,39,80,50,73,23,37,609,0
2,1,40,82,51,74,23,37,649,0
2,1,41,83,53,76,23,38,681,0
2,1,42,85,54,78,23,38,715,0
2,1,43,87,55,79,23,39,761,0
2,1,44,89,56,81,23,39,799,0
2,1,45,91,57,83,24,40,839,0
2,1,46,93,58,85,24,40,881,0
2,1,47,95,60,86,24,41,935,0
2,1,48,97,61,88,24,41,981,0
2,1,49,99,62,90,25,42,1029,0
2,1,50,101,63,92,25,42,1079,0
2,1,51,103,65,94,25,43,1131,0
2,1,52,105,66,96,25,43,1185,0
2,1,53,107,67,98,25,44,1241,0
2,1,54,109,69,100,26,45,1299,0
2,1,55,112,70,102,26,45,1359,0
2,1,56,114,71,104,26,46,1421,0
2,1,57,116,73,106,26,46,1485,0
2,1,58,118,74,108,27,47,1551,0
2,1,59,121,76,110,27,47,1619,0
2,1,60,123,77,112,27,48,1689,0
2,3,1,23,20,23,17,24,26,63
2,3,2,23,21,24,18,25,33,70
2,3,3,24,22,25,18,25,40,91
2,3,4,24,24,25,19,26,57,98
2,3,5,25,25,26,19,26,64,121
2,3,6,25,26,27,20,27,71,130
2,3,7,25,27,28,20,27,78,155
2,3,8,26,28,29,21,28,85,166
2,3,9,26,30,30,21,29,92,193
2,3,10,27,31,30,22,29,109,206
2,3,11,27,32,31,22,30,116,235
2,3,12,28,34,32,23,31,123,250
2,3,13,28,35,33,24,31,130,266
2,3,14,29,36,34,24,32,138,298
2,3,15,29,38,35,25,32,147,316
2,3,16,30,39,36,25,33,157,350
2,3,17,30,40,37,26,34,168,370
2,3,18,31,42,38,27,35,180,391
2,3,19,31,43,39,27,35,193,428
2,3,20,32,45,40,28,36,207,451
2,3,21,32,46,41,29,37,222,475
2,3,22,33,48,42,29,37,238,515
2,3,23,33,49,43,30,38,255,541
2,3,24,34,51,44,31,39,273,568
2,3,25,34,52,45,31,40,292,611
2,3,26,35,54,46,32,40,312,640
2,3,27,35,56,47,33,41,333,670
2,3,28,36,57,48,33,42,355,715
2,3,29,36,59,49,34,43,378,745
2,3,30,37,61,50,35,43,402,775
2,3,31,37,62,52,36,44,417,805
2,3,32,38,64,53,36,45,443,850
2,3,33,39,66,54,37,46,470,880
2,3,34,39,67,55,38,47,498,910
2,3,35,40,69,56,39,48,527,940
2,3,36,41,71,58,40,49,547,970
2,3,37,41,73,59,40,49,578,1015
2,3,38,42,75,60,41,50,610,1045
2,3,39,42,77,61,42,51,643,1075
2,3,40,43,78,63,43,52,667,1105
2,3,41,44,80,64,44,53,702,1135
2,3,42,44,82,65,44,54,738,1180
2,3,43,45,84,66,45,55,775,1210
2,3,44,46,86,68,46,56,803,1240
2,3,45,46,88,69,47,57,842,1270
2,3,46,47,90,71,48,58,872,1300
2,3,47,48,92,72,49,59,913,1330
2,3,48,49,95,73,50,60,955,1360
2,3,49,49,97,75,51,61,988,1390
2,3,50,50,99,76,52,62,1032,1420
2,3,51,51,101,78,53,63,1067,1450
2,3,52,52,103,79,54,64,1113,1480
2,3,53,52,105,81,55,65,1150,1510
2,3,54,53,108,82,56,66,1198,1540
2,3,55,54,110,84,57,67,1237,1570
2,3,56,55,112,85,58,68,1287,1600
2,3,57,56,115,87,59,70,1328,1630
2,3,58,56,117,89,60,71,1370,1660
2,3,59,57,120,90,61,72,1423,1690
2,3,60,58,122,92,62,73,1467,1720
2,4,1,24,20,23,17,23,25,0
2,4,2,25,21,24,17,23,32,0
2,4,3,25,22,24,17,24,49,0
2,4,4,26,24,25,18,24,56,0
2,4,5,27,25,26,18,24,63,0
2,4,6,27,26,26,18,25,80,0
2,4,7,28,28,27,18,25,87,0
2,4,8,29,29,27,18,25,104,0
2,4,9,30,30,28,18,26,111,0
2,4,10,30,32,29,19,26,118,0
2,4,11,31,33,30,19,27,125,0
2,4,12,32,34,30,19,27,142,0
2,4,13,33,36,31,19,27,149,0
2,4,14,33,37,32,19,28,156,0
2,4,15,34,39,32,20,28,173,0
2,4,16,35,40,33,20,29,181,0
2,4,17,36,41,34,20,29,190,0
2,4,18,37,43,35,20,29,200,0
2,4,19,37,43,35,20,29,221,0
2,4,20,37,43,35,20,29,233,0
2,4,21,39,48,37,21,31,246,0
2,4,22,40,49,38,21,31,260,0
2,4,23,41,51,39,21,32,275,0
2,4,24,42,52,39,22,32,301,0
2,4,25,43,54,40,22,33,318,0
2,4,26,44,56,41,22,33,336,0
2,4,27,45,57,42,22,33,355,0
2,4,28,46,59,43,22,34,375,0
2,4,29,46,61,44,23,34,396,0
2,4,30,47,63,44,23,35,428,0
2,4,31,48,64,45,23,35,451,0
2,4,32,49,66,46,23,36,475,0
2,4,33,50,68,47,24,36,500,0
2,4,34,51,70,48,24,37,526,0
2,4,35,52,72,49,24,37,553,0
2,4,36,54,74,50,25,38,581,0
2,4,37,55,75,51,25,39,610,0
2,4,38,56,77,52,25,39,640,0
2,4,39,57,79,53,25,40,671,0
2,4,40,58,81,54,26,40,703,0
2,4,41,59,83,55,26,41,736,0
2,4,42,60,85,56,26,41,770,0
2,4,43,61,87,57,26,42,805,0
2,4,44,62,90,58,27,42,841,0
2,4,45,64,92,59,27,43,878,0
2,4,46,65,94,60,27,44,916,0
2,4,47,66,96,61,28,44,955,0
2,4,48,67,98,62,28,45,995,0
2,4,49,68,100,64,28,46,1026,0
2,4,50,70,103,65,29,46,1068,0
2,4,51,71,105,66,29,47,1111,0
2,4,52,72,107,67,29,47,1155,0
2,4,53,73,110,68,30,48,1200,0
2,4,54,75,112,69,30,49,1246,0
2,4,55,76,114,71,30,49,1283,0
2,4,56,77,117,72,31,50,1331,0
2,4,57,79,119,73,31,51,1380,0
2,4,58,80,122,74,31,52,1430,0
2,4,59,82,124,76,32,52,1471,0
2,4,60,83,127,77,32,53,1523,0
2,7,1,24,17,23,18,25,27,53
2,7,2,25,17,24,19,26,34,61
2,7,3,25,18,25,20,27,41,68
2,7,4,26,18,26,20,28,48,91
2,7,5,27,19,26,21,29,65,100
2,7,6,28,19,27,22,30,72,110
2,7,7,29,19,28,23,31,79,121
2,7,8,29,20,29,24,31,86,133
2,7,9,30,20,30,25,32,93,161
2,7,10,31,21,31,25,33,100,175
2,7,11,32,21,32,26,34,107,190
2,7,12,33,22,33,27,35,114,206
2,7,13,33,22,34,28,36,121,223
2,7,14,34,23,35,29,37,128,241
2,7,15,35,23,36,30,39,135,260
2,7,16,36,24,37,31,40,142,280
2,7,17,37,24,38,32,41,150,301
2,7,18,38,25,39,33,42,159,323
2,7,19,39,25,40,34,43,169,346
2,7,20,40,26,41,35,44,180,370
2,7,21,41,26,42,36,45,192,395
2,7,22,41,27,43,37,46,205,456
2,7,23,42,27,44,38,47,219,448
2,7,24,43,28,45,39,49,234,476
2,7,25,44,28,47,40,50,240,505
2,7,26,45,29,48,41,51,257,579
2,7,27,46,29,49,42,52,275,566
2,7,28,47,30,50,43,53,294,598
2,7,29,48,30,51,44,55,314,631
2,7,30,49,31,52,45,56,335,718
2,7,31,51,31,54,47,57,347,699
2,7,32,52,32,55,48,59,370,733
2,7,33,53,33,56,49,60,394,767
2,7,34,54,33,57,50,61,419,786
2,7,35,55,34,59,51,63,435,820
2,7,36,56,35,60,53,64,462,854
2,7,37,57,35,61,54,65,490,888
2,7,38,58,36,63,55,67,509,922
2,7,39,59,36,64,56,68,539,941
2,7,40,61,37,65,58,70,570,975
2,7,41,62,38,67,59,71,592,1009
2,7,42,63,38,68,60,73,625,1028
2,7,43,64,39,70,61,74,649,1062
2,7,44,66,40,71,63,76,684,1096
2,7,45,67,40,73,64,77,710,1115
2,7,46,68,41,74,66,79,747,1149
2,7,47,69,42,76,67,80,775,1183
2,7,48,71,43,77,68,82,814,1202
2,7,49,72,43,79,70,84,844,1236
2,7,50,73,44,80,71,85,885,1255
2,7,51,75,45,82,73,87,917,1289
2,7,52,76,46,83,74,89,960,1313
2,7,53,78,46,85,76,90,994,1342
2,7,54,79,47,87,77,92,1029,1376
2,7,55,80,48,88,79,94,1075,1395
2,7,56,82,49,90,80,96,1112,1414
2,7,57,83,50,92,82,97,1150,1448
2,7,58,85,50,93,84,99,1199,1467
2,7,59,86,51,95,85,101,1239,1501
2,7,60,88,52,97,87,103,1280,1520
2,9,1,23,17,23,19,25,23,59
2,9,2,23,17,24,20,26,28,98
2,9,3,24,18,24,21,27,43,107
2,9,4,24,18,25,22,28,48,117
2,9,5,24,18,25,23,29,63,128
2,9,6,24,19,26,24,30,68,140
2,9,7,25,19,26,25,32,83,153
2,9,8,25,19,27,26,33,88,167
2,9,9,25,20,27,27,34,103,182
2,9,10,26,20,28,28,35,108,198
2,9,11,26,21,28,30,36,123,200
2,9,12,26,21,29,31,37,128,218
2,9,13,27,21,29,32,39,143,237
2,9,14,27,22,30,33,40,148,257
2,9,15,27,22,31,34,41,153,278
2,9,16,28,23,31,35,42,168,300
2,9,17,28,23,32,37,44,173,308
2,9,18,28,23,32,38,45,189,332
2,9,19,29,24,33,39,46,196,357
2,9,20,29,24,34,40,48,204,383
2,9,21,29,25,34,42,49,223,395
2,9,22,30,25,34,43,50,233,423
2,9,23,30,26,35,44,52,244,452
2,9,24,31,26,35,46,53,266,467
2,9,25,31,27,36,47,55,279,498
2,9,26,31,27,37,48,56,293,530
2,9,27,32,27,37,50,57,318,548
2,9,28,32,28,38,51,59,334,582
2,9,29,33,28,39,53,60,351,602
2,9,30,33,29,39,54,62,379,638
2,9,31,33,29,40,55,64,398,674
2,9,32,34,30,41,57,65,418,695
2,9,33,34,30,41,58,68,439,731
2,9,34,35,31,42,60,68,471,752
2,9,35,35,31,43,61,70,494,788
2,9,36,36,32,44,63,71,518,809
2,9,37,36,33,45,65,73,543,830
2,9,38,36,33,46,66,75,569,866
2,9,39,37,34,46,68,77,606,887
2,9,40,37,34,47,69,78,634,923
2,9,41,38,35,47,71,80,663,944
2,9,42,38,35,47,73,83,693,965
2,9,43,39,36,50,74,84,724,1001
2,9,44,39,36,51,76,85,756,1022
2,9,45,40,37,51,78,87,799,1043
2,9,46,40,38,52,80,89,823,1064
2,9,47,41,38,53,81,91,868,1100
2,9,48,41,39,53,83,93,904,1121
2,9,49,42,40,54,85,96,941,1142
2,9,50,42,40,56,87,97,979,1163
2,9,51,43,41,56,89,99,1018,1184
2,9,52,43,41,58,91,101,1058,1205
2,9,53,44,42,59,93,103,1089,1226
2,9,54,45,43,60,95,105,1131,1247
2,9,55,45,43,61,97,106,1184,1268
2,9,56,46,44,62,99,109,1228,1289
2,9,57,46,45,62,101,110,1273,1310
2,9,58,47,46,64,103,114,1319,1331
2,9,59,47,46,65,105,116,1366,1352
2,9,60,48,47,66,107,118,1414,1373
3,1,1,25,16,25,19,19,20,0
3,1,2,26,17,26,19,19,29,0
3,1,3,27,17,27,19,20,38,0
3,1,4,28,18,28,19,20,47,0
3,1,5,30,19,29,19,20,56,0
3,1,6,31,20,30,20,20,65,0
3,1,7,32,20,31,20,21,74,0
3,1,8,33,21,32,20,21,83,0
3,1,9,34,22,33,20,21,92,0
3,1,10,35,22,34,20,22,101,0
3,1,11,37,23,36,20,22,100,0
3,1,12,38,24,37,20,22,109,0
3,1,13,39,25,38,20,23,118,0
3,1,14,41,26,39,21,23,128,0
3,1,15,42,26,40,21,23,139,0
3,1,16,43,27,41,21,24,151,0
3,1,17,44,28,43,21,24,154,0
3,1,18,46,29,44,21,24,168,0
3,1,19,47,30,45,21,25,168,0
3,1,20,49,31,46,21,25,199,0
3,1,21,50,31,48,22,25,206,0
3,1,22,51,32,49,22,26,224,0
3,1,23,53,33,50,22,26,243,0
3,1,24,54,34,52,22,27,253,0
3,1,25,56,35,53,22,27,274,0
3,1,26,57,36,54,22,27,296,0
3,1,27,59,37,56,22,28,309,0
3,1,28,60,38,57,23,28,333,0
3,1,29,62,39,59,23,29,348,0
3,1,30,64,40,60,23,29,374,0
3,1,31,65,41,61,23,29,401,0
3,1,32,67,42,63,23,30,419,0
3,1,33,68,43,64,23,30,448,0
3,1,34,70,44,66,24,31,468,0
3,1,35,72,45,67,24,31,499,0
3,1,36,74,46,69,24,32,521,0
3,1,37,75,47,71,24,32,545,0
3,1,38,77,48,72,24,32,581,0
3,1,39,79,49,74,25,33,609,0
3,1,40,81,50,75,25,33,649,0
3,1,41,82,52,77,25,34,681,0
3,1,42,84,53,79,25,34,715,0
3,1,43,86,54,80,25,35,761,0
3,1,44,88,55,82,25,35,799,0
3,1,45,90,56,84,26,36,839,0
3,1,46,92,57,86,26,36,881,0
3,1,47,94,59,87,26,37,935,0
3,1,48,96,60,89,26,37,981,0
3,1,49,98,61,91,27,38,1029,0
3,1,50,100,62,93,27,38,1079,0
3,1,51,102,64,95,27,39,1131,0
3,1,52,104,65,97,27,39,1185,0
3,1,53,106,66,99,27,40,1241,0
3,1,54,108,68,101,28,41,1299,0
3,1,55,111,69,103,28,41,1359,0
3,1,56,113,70,105,28,42,1421,0
3,1,57,115,72,107,28,42,1485,0
3,1,58,117,73,109,29,43,1551,0
3,1,59,120,75,111,29,43,1619,0
3,1,60,122,76,113,29,44,1689,0
3,2,1,24,16,25,19,20,28,59
3,2,2,25,17,26,20,21,26,64
3,2,3,26,17,27,20,21,34,84
3,2,4,27,18,28,21,22,42,90
3,2,5,28,18,29,21,23,50,112
3,2,6,29,19,30,22,23,58,120
3,2,7,30,19,31,23,24,66,129
3,2,8,31,20,31,23,24,84,154
3,2,9,32,20,32,24,25,92,165
3,2,10,33,21,33,24,26,100,192
3,2,11,34,21,34,25,27,108,205
3,2,12,35,22,35,26,27,116,219
3,2,13,36,23,36,26,28,124,249
3,2,14,37,23,37,27,29,132,265
3,2,15,38,24,39,28,29,131,282
3,2,16,40,24,40,28,30,141,315
3,2,17,41,25,41,29,31,152,334
3,2,18,42,26,42,30,32,164,354
3,2,19,43,26,43,30,32,177,390
3,2,20,44,27,44,31,33,191,412
3,2,21,45,28,45,32,34,206,435
3,2,22,47,28,46,33,35,222,459
3,2,23,48,29,47,33,36,239,499
3,2,24,49,30,49,34,36,247,525
3,2,25,50,30,50,35,37,266,552
3,2,26,52,31,51,36,38,286,579
3,2,27,53,32,52,36,39,307,621
3,2,28,54,32,53,37,40,329,648
3,2,29,56,33,55,38,41,342,675
3,2,30,57,34,56,39,41,366,702
3,2,31,58,35,57,40,42,391,729
3,2,32,60,35,59,41,43,407,756
3,2,33,61,36,60,41,44,434,798
3,2,34,63,37,61,42,45,462,825
3,2,35,64,38,63,43,46,481,852
3,2,36,66,39,64,44,47,511,879
3,2,37,67,39,65,45,48,542,906
3,2,38,69,40,67,46,49,564,933
3,2,39,70,41,68,47,50,597,960
3,2,40,72,42,70,48,51,621,987
3,2,41,73,43,71,49,52,656,1014
3,2,42,75,43,73,50,53,682,1041
3,2,43,76,44,74,51,54,719,1068
3,2,44,78,45,76,51,55,747,1110
3,2,45,80,46,77,52,56,786,1137
3,2,46,81,47,79,53,57,816,1164
3,2,47,83,48,80,55,58,857,1176
3,2,48,85,49,82,56,59,889,1203
3,2,49,86,50,84,57,61,922,1230
3,2,50,88,51,85,58,62,966,1257
3,2,51,90,52,87,59,63,1001,1284
3,2,52,92,53,89,60,64,1037,1311
3,2,53,94,54,90,61,65,1084,1338
3,2,54,95,55,92,62,66,1122,1365
3,2,55,97,56,94,63,68,1161,1392
3,2,56,99,57,96,64,69,1201,1419
3,2,57,101,58,97,65,70,1252,1446
3,2,58,103,59,99,67,71,1294,1458
3,2,59,105,60,101,68,73,1337,1485
3,2,60,107,61,103,69,74,1381,1512
3,3,1,22,19,24,19,20,26,63
3,3,2,22,20,25,20,21,33,70
3,3,3,23,21,26,20,21,40,91
3,3,4,23,23,26,21,22,57,98
3,3,5,24,24,27,21,22,64,121
3,3,6,24,25,28,22,23,71,130
3,3,7,24,26,29,22,23,78,155
3,3,8,25,27,30,23,24,85,166
3,3,9,25,29,31,23,25,92,193
3,3,10,26,30,31,24,25,109,206
3,3,11,26,31,32,24,26,116,235
3,3,12,27,33,33,25,27,123,250
3,3,13,27,34,34,26,27,130,266
3,3,14,28,35,35,26,28,138,298
3,3,15,28,37,36,27,28,147,316
3,3,16,29,38,37,27,29,157,350
3,3,17,29,39,38,28,30,168,370
3,3,18,30,41,39,29,31,180,391
3,3,19,30,42,40,29,31,193,428
3,3,20,31,44,41,30,32,207,451
3,3,21,31,45,42,31,33,222,475
3,3,22,32,47,43,31,33,238,515
3,3,23,32,48,44,32,34,255,541
3,3,24,33,50,45,33,35,273,568
3,3,25,33,51,46,33,36,292,611
3,3,26,34,53,47,34,36,312,640
3,3,27,34,55,48,35,37,333,670
3,3,28,35,56,49,35,38,355,715
3,3,29,35,58,50,36,39,378,745
3,3,30,36,60,51,37,39,402,775
3,3,31,36,61,53,38,40,417,805
3,3,32,37,63,54,38,41,443,850
3,3,33,38,65,55,39,42,470,880
3,3,34,38,66,56,40,43,498,910
3,3,35,39,68,57,41,44,527,940
3,3,36,40,70,59,42,45,547,970
3,3,37,40,72,60,42,45,578,1015
3,3,38,41,74,61,43,46,610,1045
3,3,39,41,76,62,44,47,643,1075
3,3,40,42,77,64,45,48,667,1105
3,3,41,43,79,65,46,49,702,1135
3,3,42,43,81,66,46,50,738,1180
3,3,43,44,83,67,47,51,775,1210
3,3,44,45,85,69,48,52,803,1240
3,3,45,45,87,70,49,53,842,1270
3,3,46,46,89,72,50,54,872,1300
3,3,47,47,91,73,51,55,913,1330
3,3,48,48,94,74,52,56,955,1360
3,3,49,48,96,76,53,57,988,1390
3,3,50,49,98,77,54,58,1032,1420
3,3,51,50,100,79,55,59,1067,1450
3,3,52,51,102,80,56,60,1113,1480
3,3,53,51,104,82,57,61,1150,1510
3,3,54,52,107,83,58,62,1198,1540
3,3,55,53,109,85,59,63,1237,1570
3,3,56,54,111,86,60,64,1287,1600
3,3,57,55,114,88,61,66,1328,1630
3,3,58,55,116,90,62,67,1370,1660
3,3,59,56,119,91,63,68,1423,1690
3,3,60,57,121,93,64,69,1467,1720
3,4,1,23,19,24,19,19,25,0
3,4,2,24,20,25,19,19,32,0
3,4,3,24,21,25,19,20,49,0
3,4,4,25,23,26,20,20,56,0
3,4,5,26,24,27,20,20,63,0
3,4,6,26,25,27,20,21,80,0
3,4,7,27,27,28,20,21,87,0
3,4,8,28,28,28,20,21,104,0
3,4,9,29,29,29,20,22,111,0
3,4,10,29,31,30,21,22,118,0
3,4,11,30,32,31,21,23,125,0
3,4,12,31,33,31,21,23,142,0
3,4,13,32,35,32,21,23,149,0
3,4,14,32,36,33,21,24,156,0
3,4,15,33,38,33,22,24,173,0
3,4,16,34,39,34,22,25,181,0
3,4,17,35,40,35,22,25,190,0
3,4,18,36,42,36,22,25,200,0
3,4,19,37,44,36,22,26,221,0
3,4,20,37,45,37,23,26,233,0
3,4,21,38,47,38,23,27,246,0
3,4,22,39,48,39,23,27,260,0
3,4,23,40,50,40,23,28,275,0
3,4,24,41,51,40,24,28,301,0
3,4,25,42,53,41,24,29,318,0
3,4,26,43,55,42,24,29,336,0
3,4,27,44,56,43,24,29,355,0
3,4,28,45,58,44,24,30,375,0
3,4,29,45,60,45,25,30,396,0
3,4,30,46,62,45,25,31,428,0
3,4,31,47,63,46,25,31,451,0
3,4,32,48,65,47,25,32,475,0
3,4,33,49,67,48,26,32,500,0
3,4,34,50,69,49,26,33,526,0
3,4,35,51,71,50,26,33,553,0
3,4,36,53,73,51,27,34,581,0
3,4,37,54,74,52,27,35,610,0
3,4,38,55,76,53,27,35,640,0
3,4,39,56,78,54,27,36,671,0
3,4,40,57,80,55,28,36,703,0
3,4,41,58,82,56,28,37,736,0
3,4,42,59,84,57,28,37,770,0
3,4,43,60,86,58,28,38,805,0
3,4,44,61,89,59,29,38,841,0
3,4,45,63,91,60,29,39,878,0
3,4,46,64,93,61,29,40,916,0
3,4,47,65,95,62,30,40,955,0
3,4,48,66,97,63,30,41,995,0
3,4,49,67,99,65,30,42,1026,0
3,4,50,69,102,66,31,42,1068,0
3,4,51,70,104,67,31,43,1111,0
3,4,52,71,106,68,31,43,1155,0
3,4,53,72,109,69,32,44,1200,0
3,4,54,74,111,70,32,45,1246,0
3,4,55,75,113,72,32,45,1283,0
3,4,56,76,116,73,33,46,1331,0
3,4,57,78,118,74,33,47,1380,0
3,4,58,79,121,75,33,48,1430,0
3,4,59,81,123,77,34,48,1471,0
3,4,60,82,126,78,34,49,1523,0
3,5,1,22,16,23,21,22,31,110
3,5,2,22,16,23,22,23,37,165
3,5,3,22,16,24,23,24,42,189
3,5,4,23,17,24,24,26,57,200
3,5,5,23,17,24,26,27,72,197
3,5,6,23,17,25,27,28,77,210
3,5,7,23,17,25,28,29,92,224
3,5,8,23,18,25,29,30,107,239
3,5,9,23,18,26,30,32,112,255
3,5,10,24,18,26,32,33,127,272
3,5,11,24,18,27,33,34,132,275
3,5,12,24,19,27,34,36,147,294
3,5,13,24,19,27,35,37,162,314
3,5,14,24,19,28,37,38,167,320
3,5,15,25,19,28,38,40,182,342
3,5,16,25,20,29,39,41,187,365
3,5,17,25,20,29,41,42,202,389
3,5,18,25,20,29,42,44,217,399
3,5,19,25,21,30,43,45,222,425
3,5,20,26,21,30,45,47,237,437
3,5,21,26,21,31,46,48,242,465
3,5,22,26,21,31,48,50,258,494
3,5,23,26,22,32,49,51,265,509
3,5,24,27,22,32,51,53,283,540
3,5,25,27,22,33,52,54,292,557
3,5,26,27,23,33,54,56,312,590
3,5,27,27,23,33,55,58,333,609
3,5,28,27,23,34,57,59,345,644
3,5,29,28,24,34,58,61,368,665
3,5,30,28,24,35,60,63,382,687
3,5,31,28,24,35,62,64,407,725
3,5,32,28,25,36,63,66,423,749
3,5,33,29,25,36,65,68,450,788
3,5,34,29,25,37,67,69,468,812
3,5,35,29,26,37,68,71,497,836
3,5,36,30,26,38,70,73,517,860
3,5,37,30,26,39,72,75,538,899
3,5,38,30,27,39,74,77,570,923
3,5,39,30,27,40,75,79,593,947
3,5,40,31,27,40,77,80,627,971
3,5,41,31,28,41,79,82,652,1010
3,5,42,31,28,41,81,84,688,1034
3,5,43,31,29,42,83,86,715,1058
3,5,44,32,29,42,85,88,753,1082
3,5,45,32,29,43,87,90,782,1106
3,5,46,32,30,44,89,92,812,1130
3,5,47,33,30,44,91,94,853,1154
3,5,48,33,31,45,93,97,885,1178
3,5,49,33,31,46,95,99,918,1202
3,5,50,34,31,46,97,101,962,1226
3,5,51,34,32,47,99,103,997,1250
3,5,52,34,32,47,101,105,1043,1274
3,5,53,35,33,48,103,107,1080,1298
3,5,54,35,33,49,105,110,1118,1322
3,5,55,35,34,49,108,112,1167,1331
3,5,56,36,34,50,110,114,1207,1355
3,5,57,36,35,51,112,117,1248,1379
3,5,58,36,35,52,114,119,1290,1403
3,5,59,37,36,52,117,122,1343,1412
3,5,60,37,36,53,119,124,1387,1436
4,1,1,20,25,21,20,20,20,0
4,1,2,21,26,22,20,20,29,0
4,1,3,22,26,23,20,21,38,0
4,1,4,23,27,24,20,21,47,0
4,1,5,25,28,25,20,21,56,0
4,1,6,26,29,26,21,21,65,0
4,1,7,27,29,27,21,22,74,0
4,1,8,28,30,28,21,22,83,0
4,1,9,29,31,29,21,22,92,0
4,1,10,30,31,30,21,23,101,0
4,1,11,32,32,32,21,23,100,0
4,1,12,33,33,33,21,23,109,0
4,1,13,34,34,34,21,24,118,0
4,1,14,36,35,35,22,24,128,0
4,1,15,37,35,36,22,24,139,0
4,1,16,38,36,37,22,25,151,0
4,1,17,39,37,39,22,25,154,0
4,1,18,41,38,40,22,25,168,0
4,1,19,42,39,41,22,26,168,0
4,1,20,44,40,42,22,26,199,0
4,1,21,45,40,44,23,26,206,0
4,1,22,46,41,45,23,27,224,0
4,1,23,48,42,46,23,27,243,0
4,1,24,49,43,48,23,28,253,0
4,1,25,51,44,49,23,28,274,0
4,1,26,52,45,50,23,28,296,0
4,1,27,54,46,52,23,29,309,0
4,1,28,55,47,53,24,29,333,0
4,1,29,57,48,55,24,30,348,0
4,1,30,59,49,56,24,30,374,0
4,1,31,60,50,57,24,30,401,0
4,1,32,62,51,59,24,31,419,0
4,1,33,63,52,60,24,31,448,0
4,1,34,65,53,62,25,32,468,0
4,1,35,67,54,63,25,32,499,0
4,1,36,69,55,65,25,33,521,0
4,1,37,70,56,67,25,33,545,0
4,1,38,72,57,68,25,33,581,0
4,1,39,74,58,70,26,34,609,0
4,1,40,76,59,71,26,34,649,0
4,1,41,77,61,73,26,35,681,0
4,1,42,79,62,75,26,35,715,0
4,1,43,81,63,76,26,36,761,0
4,1,44,83,64,78,26,36,799,0
4,1,45,85,65,80,27,37,839,0
4,1,46,87,66,82,27,37,881,0
4,1,47,89,68,83,27,38,935,0
4,1,48,91,69,85,27,38,981,0
4,1,49,93,70,87,28,39,1029,0
4,1,50,95,71,89,28,39,1079,0
4,1,51,97,73,91,28,40,1131,0
4,1,52,99,74,93,28,40,1185,0
4,1,53,101,75,95,28,41,1241,0
4,1,54,103,77,97,29,42,1299,0
4,1,55,106,78,99,29,42,1359,0
4,1,56,108,79,101,29,43,1421,0
4,1,57,110,81,103,29,43,1485,0
4,1,58,112,82,105,30,44,1551,0
4,1,59,115,84,107,30,44,1619,0
4,1,60,117,85,109,30,45,1689,0
4,3,1,17,28,20,20,21,26,63
4,3,2,17,29,21,21,22,33,70
4,3,3,18,30,22,21,22,40,91
4,3,4,18,32,22,22,23,57,98
4,3,5,19,33,23,22,23,64,121
4,3,6,19,34,24,23,24,71,130
4,3,7,19,35,25,23,24,78,155
4,3,8,20,36,26,24,25,85,166
4,3,9,20,38,27,24,26,92,193
4,3,10,21,39,27,25,26,109,206
4,3,11,21,40,28,25,27,116,235
4,3,12,22,42,29,26,28,123,250
4,3,13,22,43,30,27,28,130,266
4,3,14,23,44,31,27,29,138,298
4,3,15,23,46,32,28,29,147,316
4,3,16,24,47,33,28,30,157,350
4,3,17,24,48,34,29,31,168,370
4,3,18,25,50,35,30,32,180,391
4,3,19,25,51,36,30,32,193,428
4,3,20,26,53,37,31,33,207,451
4,3,21,26,54,38,32,34,222,475
4,3,22,27,56,39,32,34,238,515
4,3,23,27,57,40,33,35,255,541
4,3,24,28,59,41,34,36,273,568
4,3,25,28,60,42,34,37,292,611
4,3,26,29,62,43,35,37,312,640
4,3,27,29,64,44,36,38,333,670
4,3,28,30,65,45,36,39,355,715
4,3,29,30,67,46,37,40,378,745
4,3,30,31,69,47,38,40,402,775
4,3,31,31,70,49,39,41,417,805
4,3,32,32,72,50,39,42,443,850
4,3,33,33,74,51,40,43,470,880
4,3,34,33,75,52,41,44,498,910
4,3,35,34,77,53,42,45,527,940
4,3,36,35,79,55,43,46,547,970
4,3,37,35,81,56,43,46,578,1015
4,3,38,36,83,57,44,47,610,1045
4,3,39,36,85,58,45,48,643,1075
4,3,40,37,86,60,46,49,667,1105
4,3,41,38,88,61,47,50,702,1135
4,3,42,38,90,62,47,51,738,1180
4,3,43,39,92,63,48,52,775,1210
4,3,44,40,94,65,49,53,803,1240
4,3,45,40,96,66,50,54,842,1270
4,3,46,41,98,68,51,55,872,1300
4,3,47,42,100,69,52,56,913,1330
4,3,48,43,103,70,53,57,955,1360
4,3,49,43,105,72,54,58,988,1390
4,3,50,44,107,73,55,59,1032,1420
4,3,51,45,109,75,56,60,1067,1450
4,3,52,46,111,76,57,61,1113,1480
4,3,53,46,113,78,58,62,1150,1510
4,3,54,47,116,79,59,63,1198,1540
4,3,55,48,118,81,60,64,1237,1570
4,3,56,49,120,82,61,65,1287,1600
4,3,57,50,123,84,62,67,1328,1630
4,3,58,50,125,86,63,68,1370,1660
4,3,59,51,128,87,64,69,1423,1690
4,3,60,52,130,89,65,70,1467,1720
4,4,1,18,28,20,20,20,25,0
4,4,2,19,29,21,20,20,32,0
4,4,3,19,30,21,20,21,49,0
4,4,4,20,32,22,21,21,56,0
4,4,5,21,33,23,21,21,63,0
4,4,6,21,34,23,21,22,80,0
4,4,7,22,36,24,21,22,87,0
4,4,8,23,37,24,21,22,104,0
4,4,9,24,38,25,21,23,111,0
4,4,10,24,40,26,22,23,118,0
4,4,11,25,41,27,22,24,125,0
4,4,12,26,42,27,22,24,142,0
4,4,13,27,44,28,22,24,149,0
4,4,14,27,45,29,22,25,156,0
4,4,15,28,47,29,23,25,173,0
4,4,16,29,48,30,23,26,181,0
4,4,17,30,49,31,23,26,190,0
4,4,18,31,51,32,23,26,200,0
4,4,19,32,53,32,23,27,221,0
4,4,20,32,54,33,24,27,233,0
4,4,21,33,56,34,24,28,246,0
4,4,22,34,57,35,24,28,260,0
4,4,23,35,59,36,24,29,275,0
4,4,24,36,60,36,25,29,301,0
4,4,25,37,62,37,25,30,318,0
4,4,26,38,64,38,25,30,336,0
4,4,27,39,65,39,25,30,355,0
4,4,28,40,67,40,25,31,375,0
4,4,29,40,69,41,26,31,396,0
4,4,30,41,71,41,26,32,428,0
4,4,31,42,72,42,26,32,451,0
4,4,32,43,74,43,26,33,475,0
4,4,33,44,76,44,27,33,500,0
4,4,34,45,78,45,27,34,526,0
4,4,35,46,80,46,27,34,553,0
4,4,36,48,82,47,28,35,581,0
4,4,37,49,83,48,28,36,610,0
4,4,38,50,85,49,28,36,640,0
4,4,39,51,87,50,28,37,671,0
4,4,40,52,89,51,29,37,703,0
4,4,41,53,91,52,29,38,736,0
4,4,42,54,93,53,29,38,770,0
4,4,43,55,95,54,29,39,805,0
4,4,44,56,98,55,30,39,841,0
4,4,45,58,100,56,30,40,878,0
4,4,46,59,102,57,30,41,916,0
4,4,47,60,104,58,31,41,955,0
4,4,48,61,106,59,31,42,995,0
4,4,49,62,108,61,31,43,1026,0
4,4,50,64,111,62,32,43,1068,0
4,4,51,65,113,63,32,44,1111,0
4,4,52,66,115,64,32,44,1155,0
4,4,53,67,118,65,33,45,1200,0
4,4,54,69,120,66,33,46,1246,0
4,4,55,70,122,68,33,46,1283,0
4,4,56,71,125,69,34,47,1331,0
4,4,57,73,127,70,34,48,1380,0
4,4,58,74,130,71,34,49,1430,0
4,4,59,76,132,73,35,49,1471,0
4,4,60,77,135,74,35,50,1523,0
4,5,1,17,25,19,22,23,31,110
4,5,2,17,25,19,23,24,37,165
4,5,3,17,25,20,24,25,42,189
4,5,4,18,26,20,25,27,57,200
4,5,5,18,26,20,27,28,72,197
4,5,6,18,26,21,28,29,77,210
4,5,7,18,26,21,29,30,92,224
4,5,8,18,27,21,30,31,107,239
4,5,9,18,27,22,31,33,112,255
4,5,10,19,27,22,33,34,127,272
4,5,11,19,27,23,34,35,132,275
4,5,12,19,28,23,35,37,147,294
4,5,13,19,28,23,36,38,162,314
4,5,14,19,28,24,38,39,167,320
4,5,15,20,28,24,39,41,182,342
4,5,16,20,29,25,40,42,187,365
4,5,17,20,29,25,42,43,202,389
4,5,18,20,29,25,43,45,217,399
4,5,19,20,30,26,44,46,222,425
4,5,20,21,30,26,46,48,237,437
4,5,21,21,30,27,47,49,242,465
4,5,22,21,30,27,49,51,258,494
4,5,23,21,31,28,50,52,265,509
4,5,24,22,31,28,52,54,283,540
4,5,25,22,31,29,53,55,292,557
4,5,26,22,32,29,55,57,312,590
4,5,27,22,32,29,56,59,333,609
4,5,28,22,32,30,58,60,345,644
4,5,29,23,33,30,59,62,368,665
4,5,30,23,33,31,61,64,382,687
4,5,31,23,33,31,63,65,407,725
4,5,32,23,34,32,64,67,423,749
4,5,33,24,34,32,66,69,450,788
4,5,34,24,34,33,68,70,468,812
4,5,35,24,35,33,69,72,497,836
4,5,36,25,35,34,71,74,517,860
4,5,37,25,35,35,73,76,538,899
4,5,38,25,36,35,75,78,570,923
4,5,39,25,36,36,76,80,593,947
4,5,40,26,36,36,78,81,627,971
4,5,41,26,37,37,80,83,652,1010
4,5,42,26,37,37,82,85,688,1034
4,5,43,26,38,38,84,87,715,1058
4,5,44,27,38,38,86,89,753,1082
4,5,45,27,38,39,88,91,782,1106
4,5,46,27,39,40,90,93,812,1130
4,5,47,28,39,40,92,95,853,1154
4,5,48,28,40,41,94,98,885,1178
4,5,49,28,40,42,96,100,918,1202
4,5,50,29,40,42,98,102,962,1226
4,5,51,29,41,43,100,104,997,1250
4,5,52,29,41,43,102,106,1043,1274
4,5,53,30,42,44,104,108,1080,1298
4,5,54,30,42,45,106,111,1118,1322
4,5,55,30,43,45,109,113,1167,1331
4,5,56,31,43,46,111,115,1207,1355
4,5,57,31,44,47,113,118,1248,1379
4,5,58,31,44,48,115,120,1290,1403
4,5,59,32,45,48,118,123,1343,1412
4,5,60,32,45,49,120,125,1387,1436
4,11,1,18,25,19,22,22,33,17
4,11,2,19,25,20,23,23,41,57
4,11,3,19,26,20,24,24,58,65
4,11,4,20,26,21,25,25,65,74
4,11,5,20,27,21,26,26,82,84
4,11,6,21,27,22,27,27,89,95
4,11,7,21,28,23,28,28,96,107
4,11,8,22,28,23,28,29,113,120
4,11,9,22,29,24,29,30,120,134
4,11,10,23,29,24,30,31,137,149
4,11,11,23,30,25,31,33,144,165
4,11,12,24,30,26,32,34,151,182
4,11,13,24,31,26,33,35,168,200
4,11,14,25,31,27,34,36,175,219
4,11,15,26,32,28,36,37,182,239
4,11,16,26,32,28,37,38,199,260
4,11,17,27,33,29,38,40,206,282
4,11,18,27,34,30,39,41,214,305
4,11,19,28,34,30,40,42,233,329
4,11,20,29,35,31,41,43,243,354
4,11,21,29,35,32,42,45,254,380
4,11,22,30,36,33,43,46,266,392
4,11,23,31,37,33,44,47,289,420
4,11,24,31,37,34,46,49,303,449
4,11,25,32,38,35,47,50,318,479
4,11,26,33,38,36,48,51,334,509
4,11,27,33,39,36,49,53,361,524
4,11,28,34,40,37,50,54,379,554
4,11,29,35,40,38,52,56,398,584
4,11,30,35,41,39,53,57,418,614
4,11,31,36,42,40,54,58,439,629
4,11,32,37,42,41,56,60,461,659
4,11,33,38,43,41,57,61,494,689
4,11,34,38,44,42,58,63,518,704
4,11,35,39,44,43,60,64,543,734
4,11,36,40,45,44,61,66,569,749
4,11,37,41,46,45,62,68,596,779
4,11,38,42,46,46,64,69,624,809
4,11,39,42,47,47,65,71,653,824
4,11,40,43,48,48,67,72,683,854
4,11,41,44,49,49,68,74,714,869
4,11,42,45,49,50,70,76,746,899
4,11,43,46,50,51,71,77,779,914
4,11,44,47,51,51,73,79,823,944
4,11,45,47,52,52,74,81,858,959
4,11,46,48,53,53,76,83,894,989
4,11,47,49,53,55,77,84,921,1004
4,11,48,50,54,56,79,86,959,1019
4,11,49,51,55,57,81,88,998,1049
4,11,50,52,56,58,82,90,1038,1064
4,11,51,53,57,59,84,92,1079,1079
4,11,52,54,58,60,86,94,1121,1109
4,11,53,55,59,61,87,96,1164,1124
4,11,54,56,59,62,89,98,1208,1139
4,11,55,57,60,63,91,100,1253,1154
4,11,56,58,61,64,93,102,1299,1169
4,11,57,59,62,65,94,104,1346,1199
4,11,58,60,63,67,96,106,1384,1214
4,11,59,61,64,68,98,108,1433,1229
4,11,60,62,65,69,100,110,1483,1244
5,1,1,22,18,23,18,25,20,0
5,1,2,23,19,24,18,25,29,0
5,1,3,24,19,25,18,26,38,0
5,1,4,25,20,26,18,26,47,0
5,1,5,27,21,27,18,26,56,0
5,1,6,28,22,28,19,26,65,0
5,1,7,29,22,29,19,27,74,0
5,1,8,30,23,30,19,27,83,0
5,1,9,31,24,31,19,27,92,0
5,1,10,32,24,32,19,28,101,0
5,1,11,34,25,34,19,28,100,0
5,1,12,35,26,35,19,28,109,0
5,1,13,36,27,36,19,29,118,0
5,1,14,38,28,37,20,29,128,0
5,1,15,39,28,38,20,29,139,0
5,1,16,40,29,39,20,30,151,0
5,1,17,41,30,41,20,30,154,0
5,1,18,43,31,42,20,30,168,0
5,1,19,44,32,43,20,31,168,0
5,1,20,46,33,44,20,31,199,0
5,1,21,47,33,46,21,31,206,0
5,1,22,48,34,47,21,32,224,0
5,1,23,50,35,48,21,32,243,0
5,1,24,51,36,50,21,33,253,0
5,1,25,53,37,51,21,33,274,0
5,1,26,54,38,52,21,33,296,0
5,1,27,56,39,54,21,34,309,0
5,1,28,57,40,55,22,34,333,0
5,1,29,59,41,57,22,35,348,0
5,1,30,61,42,58,22,35,374,0
5,1,31,62,43,59,22,35,401,0
5,1,32,64,44,61,22,36,419,0
5,1,33,65,45,62,22,36,448,0
5,1,34,67,46,64,23,37,468,0
5,1,35,69,47,65,23,37,499,0
5,1,36,71,48,67,23,38,521,0
5,1,37,72,49,69,23,38,545,0
5,1,38,74,50,70,23,38,581,0
5,1,39,76,51,72,24,39,609,0
5,1,40,78,52,73,24,39,649,0
5,1,41,79,54,75,24,40,681,0
5,1,42,81,55,77,24,40,715,0
5,1,43,83,56,78,24,41,761,0
5,1,44,85,57,80,24,41,799,0
5,1,45,87,58,82,25,42,839,0
5,1,46,89,59,84,25,42,881,0
5,1,47,91,61,85,25,43,935,0
5,1,48,93,62,87,25,43,981,0
5,1,49,95,63,89,26,44,1029,0
5,1,50,97,64,91,26,44,1079,0
5,1,51,99,66,93,26,45,1131,0
5,1,52,101,67,95,26,45,1185,0
5,1,53,103,68,97,26,46,1241,0
5,1,54,105,70,99,27,47,1299,0
5,1,55,108,71,101,27,47,1359,0
5,1,56,110,72,103,27,48,1421,0
5,1,57,112,74,105,27,48,1485,0
5,1,58,114,75,107,28,49,1551,0
5,1,59,117,77,109,28,49,1619,0
5,1,60,119,78,111,28,50,1689,0
5,4,1,20,21,22,18,25,25,0
5,4,2,21,22,23,18,25,32,0
5,4,3,21,23,23,18,26,49,0
5,4,4,22,25,24,19,26,56,0
5,4,5,23,26,25,19,26,63,0
5,4,6,23,27,25,19,27,80,0
5,4,7,24,29,26,19,27,87,0
5,4,8,25,30,26,19,27,104,0
5,4,9,26,31,27,19,28,111,0
5,4,10,26,33,28,20,28,118,0
5,4,11,27,34,29,20,29,125,0
5,4,12,28,35,29,20,29,142,0
5,4,13,29,37,30,20,29,149,0
5,4,14,29,38,31,20,30,156,0
5,4,15,30,40,31,21,30,173,0
5,4,16,31,41,32,21,31,181,0
5,4,17,32,42,33,21,31,190,0
5,4,18,33,44,34,21,31,200,0
5,4,19,34,46,34,21,32,221,0
5,4,20,34,47,35,22,32,233,0
5,4,21,35,49,36,22,33,246,0
5,4,22,36,50,37,22,33,260,0
5,4,23,37,52,38,22,34,275,0
5,4,24,38,53,38,23,34,301,0
5,4,25,39,55,39,23,35,318,0
5,4,26,40,57,40,23,35,336,0
5,4,27,41,58,41,23,35,355,0
5,4,28,42,60,42,23,36,375,0
5,4,29,42,62,43,24,36,396,0
5,4,30,43,64,43,24,37,428,0
5,4,31,44,65,44,24,37,451,0
5,4,32,45,67,45,24,38,475,0
5,4,33,46,69,46,25,38,500,0
5,4,34,47,71,47,25,39,526,0
5,4,35,48,73,48,25,39,553,0
5,4,36,50,75,49,26,40,581,0
5,4,37,51,76,50,26,41,610,0
5,4,38,52,78,51,26,41,640,0
5,4,39,53,80,52,26,42,671,0
5,4,40,54,82,53,27,42,703,0
5,4,41,55,84,54,27,43,736,0
5,4,42,56,86,55,27,43,770,0
5,4,43,57,88,56,27,44,805,0
5,4,44,58,91,57,28,44,841,0
5,4,45,60,93,58,28,45,878,0
5,4,46,61,95,59,28,46,916,0
5,4,47,62,97,60,29,46,955,0
5,4,48,63,99,61,29,47,995,0
5,4,49,64,101,63,29,48,1026,0
5,4,50,66,104,64,30,48,1068,0
5,4,51,67,106,65,30,49,1111,0
5,4,52,68,108,66,30,49,1155,0
5,4,53,69,111,67,31,50,1200,0
5,4,54,71,113,68,31,51,1246,0
5,4,55,72,115,70,31,51,1283,0
5,4,56,73,118,71,32,52,1331,0
5,4,57,75,120,72,32,53,1380,0
5,4,58,76,123,73,32,54,1430,0
5,4,59,78,125,75,33,54,1471,0
5,4,60,79,128,76,33,55,1523,0
5,5,1,19,18,21,20,28,31,110
5,5,2,19,18,21,21,29,37,165
5,5,3,19,18,22,22,30,42,189
5,5,4,20,19,22,23,32,57,200
5,5,5,20,19,22,25,33,72,197
5,5,6,20,19,23,26,34,77,210
5,5,7,20,19,23,27,35,92,224
5,5,8,20,20,23,28,36,107,239
5,5,9,20,20,24,29,38,112,255
5,5,10,21,20,24,31,39,127,272
5,5,11,21,20,25,32,40,132,275
5,5,12,21,21,25,33,42,147,294
5,5,13,21,21,25,34,43,162,314
5,5,14,21,21,26,36,44,167,320
5,5,15,22,21,26,37,46,182,342
5,5,16,22,22,27,38,47,187,365
5,5,17,22,22,27,40,48,202,389
5,5,18,22,22,27,41,50,217,399
5,5,19,22,23,28,42,51,222,425
5,5,20,23,23,28,44,53,237,437
5,5,21,23,23,29,45,54,242,465
5,5,22,23,23,29,47,56,258,494
5,5,23,23,24,30,48,57,265,509
5,5,24,24,24,30,50,59,283,540
5,5,25,24,24,31,51,60,292,557
5,5,26,24,25,31,53,62,312,590
5,5,27,24,25,31,54,64,333,609
5,5,28,24,25,32,56,65,345,644
5,5,29,25,26,32,57,67,368,665
5,5,30,25,26,33,59,69,382,687
5,5,31,25,26,33,61,70,407,725
5,5,32,25,27,34,62,72,423,749
5,5,33,26,27,34,64,74,450,788
5,5,34,26,27,35,66,75,468,812
5,5,35,26,28,35,67,77,497,836
5,5,36,27,28,36,69,79,517,860
5,5,37,27,28,37,71,81,538,899
5,5,38,27,29,37,73,83,570,923
5,5,39,27,29,38,74,85,593,947
5,5,40,28,29,38,76,86,627,971
5,5,41,28,30,39,78,88,652,1010
5,5,42,28,30,39,80,90,688,1034
5,5,43,28,31,40,82,92,715,1058
5,5,44,29,31,40,84,94,753,1082
5,5,45,29,31,41,86,96,782,1106
5,5,46,29,32,42,88,98,812,1130
5,5,47,30,32,42,90,100,853,1154
5,5,48,30,33,43,92,103,885,1178
5,5,49,30,33,44,94,105,918,1202
5,5,50,31,33,44,96,107,962,1226
5,5,51,31,34,45,98,109,997,1250
5,5,52,31,34,45,100,111,1043,1274
5,5,53,32,35,46,102,113,1080,1298
5,5,54,32,35,47,104,116,1118,1322
5,5,55,32,36,47,107,118,1167,1331
5,5,56,33,36,48,109,120,1207,1355
5,5,57,33,37,49,111,123,1248,1379
5,5,58,33,37,50,113,125,1290,1403
5,5,59,34,38,50,116,128,1343,1412
5,5,60,34,38,51,118,130,1387,1436
5,8,1,19,18,21,27,21,31,100
5,8,2,19,18,21,22,28,37,170
5,8,3,19,18,22,23,29,42,181
5,8,4,19,19,22,25,30,57,178
5,8,5,19,19,22,26,32,72,191
5,8,6,20,19,22,27,33,87,205
5,8,7,20,19,23,28,34,92,220
5,8,8,20,19,23,29,35,107,221
5,8,9,20,19,23,31,36,122,238
5,8,10,20,20,24,32,38,127,256
5,8,11,20,20,24,33,39,142,275
5,8,12,20,20,24,35,40,157,280
5,8,13,20,20,25,36,41,162,301
5,8,14,21,20,25,37,43,177,323
5,8,15,21,21,25,39,44,192,331
5,8,16,21,21,26,40,45,197,355
5,8,17,21,21,26,41,47,212,365
5,8,18,21,21,26,43,48,227,391
5,8,19,21,21,27,44,49,232,403
5,8,20,21,22,27,46,51,247,431
5,8,21,22,22,27,47,52,262,445
5,8,22,22,22,28,49,54,267,475
5,8,23,22,22,28,50,55,282,491
5,8,24,22,23,29,52,57,288,523
5,8,25,22,23,29,53,58,305,541
5,8,26,22,23,29,55,60,323,575
5,8,27,22,23,30,57,61,332,595
5,8,28,23,23,30,58,63,352,616
5,8,29,23,24,31,60,64,363,652
5,8,30,23,24,31,62,66,385,673
5,8,31,23,24,31,63,68,408,694
5,8,32,23,24,32,65,69,422,730
5,8,33,23,25,32,67,71,447,751
5,8,34,24,25,33,68,73,463,772
5,8,35,24,25,33,70,74,490,793
5,8,36,24,26,34,72,76,508,814
5,8,37,24,26,34,74,78,537,850
5,8,38,24,26,34,76,80,567,871
5,8,39,25,26,35,78,81,588,892
5,8,40,25,27,35,79,83,620,913
5,8,41,25,27,36,81,85,643,934
5,8,42,25,27,36,83,87,677,955
5,8,43,25,27,37,85,89,702,976
5,8,44,25,28,37,87,91,738,997
5,8,45,26,28,38,89,93,765,1018
5,8,46,26,28,38,91,95,803,1039
5,8,47,26,29,39,93,97,832,1060
5,8,48,26,29,39,96,99,872,1081
5,8,49,27,29,40,98,101,903,1102
5,8,50,27,30,40,100,103,945,1108
5,8,51,27,30,41,102,105,978,1129
5,8,52,27,30,41,104,107,1022,1150
5,8,53,27,31,42,106,109,1057,1171
5,8,54,28,31,43,109,111,1093,1177
5,8,55,28,31,43,111,114,1140,1198
5,8,56,28,32,44,113,116,1178,1219
5,8,57,28,32,44,116,118,1227,1225
5,8,58,29,32,45,118,120,1267,1246
5,8,59,29,33,45,121,123,1318,1252
5,8,60,29,33,46,123,125,1360,1273
5,9,1,19,18,22,20,27,23,59
5,9,2,19,18,23,21,28,28,98
5,9,3,20,19,23,22,29,43,107
5,9,4,20,19,24,23,30,48,117
5,9,5,20,19,24,24,31,63,128
5,9,6,20,20,25,25,32,68,140
5,9,7,21,20,25,26,34,83,153
5,9,8,21,20,26,27,35,88,167
5,9,9,21,21,26,28,36,103,182
5,9,10,22,21,27,29,37,108,198
5,9,11,22,22,27,31,38,123,200
5,9,12,22,22,28,32,39,128,218
5,9,13,23,22,28,33,41,143,237
5,9,14,23,23,29,34,42,148,257
5,9,15,23,23,30,35,43,153,278
5,9,16,24,24,30,36,44,168,300
5,9,17,24,24,31,38,46,173,308
5,9,18,24,24,31,39,47,189,332
5,9,19,25,25,32,40,48,196,357
5,9,20,25,25,33,41,50,204,383
5,9,21,25,26,33,43,51,223,395
5,9,22,26,26,34,44,52,233,423
5,9,23,26,27,35,45,54,244,452
5,9,24,27,27,35,47,55,266,467
5,9,25,27,28,36,48,57,279,498
5,9,26,27,28,37,49,58,293,530
5,9,27,28,28,37,51,59,318,548
5,9,28,28,29,38,52,61,334,582
5,9,29,29,29,39,54,62,351,602
5,9,30,29,30,39,55,64,379,638
5,9,31,29,30,40,56,66,398,674
5,9,32,30,31,41,58,67,418,695
5,9,33,30,31,42,59,69,439,731
5,9,34,31,32,42,61,70,471,752
5,9,35,31,32,43,62,72,494,788
5,9,36,32,33,43,64,75,518,809
5,9,37,32,34,45,66,75,543,830
5,9,38,32,34,46,67,77,569,866
5,9,39,33,35,46,69,79,606,887
5,9,40,33,35,47,70,80,634,923
5,9,41,34,36,48,72,82,663,944
5,9,42,34,36,48,74,85,693,965
5,9,43,35,37,50,75,86,724,1001
5,9,44,35,37,51,77,87,756,1022
5,9,45,36,38,51,79,89,799,1043
5,9,46,36,39,52,81,90,823,1064
5,9,47,37,39,53,82,93,868,1100
5,9,48,37,40,54,84,95,904,1121
5,9,49,38,41,55,86,96,941,1142
5,9,50,38,41,56,88,99,979,1163
5,9,51,39,42,57,90,101,1018,1184
5,9,52,39,42,58,92,103,1058,1205
5,9,53,40,43,59,94,105,1089,1226
5,9,54,41,44,60,96,107,1131,1247
5,9,55,41,44,60,98,110,1184,1268
5,9,56,42,45,62,100,111,1228,1289
5,9,57,42,46,63,102,113,1273,1310
5,9,58,43,47,63,104,116,1319,1331
5,9,59,43,47,65,106,118,1366,1352
5,9,60,44,48,66,108,120,1414,1373
6,1,1,28,15,24,15,22,20,0
6,1,2,29,16,25,15,22,29,0
6,1,3,30,16,26,15,23,38,0
6,1,4,31,17,27,15,23,47,0
6,1,5,33,18,28,15,23,56,0
6,1,6,34,19,29,16,23,65,0
6,1,7,35,19,30,16,24,74,0
6,1,8,36,20,31,16,24,83,0
6,1,9,37,21,32,16,24,92,0
6,1,10,38,21,33,16,25,101,0
6,1,11,40,22,35,16,25,100,0
6,1,12,41,23,36,16,25,109,0
6,1,13,42,24,37,16,26,118,0
6,1,14,44,25,38,17,26,128,0
6,1,15,45,25,39,17,26,139,0
6,1,16,46,26,40,17,27,151,0
6,1,17,47,27,42,17,27,154,0
6,1,18,49,28,43,17,27,168,0
6,1,19,50,29,44,17,28,168,0
6,1,20,52,30,45,17,28,199,0
6,1,21,53,30,47,18,28,206,0
6,1,22,54,31,48,18,29,224,0
6,1,23,56,32,49,18,29,243,0
6,1,24,57,33,51,18,30,253,0
6,1,25,59,34,52,18,30,274,0
6,1,26,60,35,53,18,30,296,0
6,1,27,62,36,55,18,31,309,0
6,1,28,63,37,56,19,31,333,0
6,1,29,65,38,58,19,32,348,0
6,1,30,67,39,59,19,32,374,0
6,1,31,68,40,60,19,32,401,0
6,1,32,70,41,62,19,33,419,0
6,1,33,71,42,63,19,33,448,0
6,1,34,73,43,65,20,34,468,0
6,1,35,75,44,66,20,34,499,0
6,1,36,77,45,68,20,35,521,0
6,1,37,78,46,70,20,35,545,0
6,1,38,80,47,71,20,35,581,0
6,1,39,82,48,73,21,36,609,0
6,1,40,84,49,74,21,36,649,0
6,1,41,85,51,76,21,37,681,0
6,1,42,87,52,78,21,37,715,0
6,1,43,89,53,79,21,38,761,0
6,1,44,91,54,81,21,38,799,0
6,1,45,93,55,83,22,39,839,0
6,1,46,95,56,85,22,39,881,0
6,1,47,97,58,86,22,40,935,0
6,1,48,99,59,88,22,40,981,0
6,1,49,101,60,90,23,41,1029,0
6,1,50,103,61,92,23,41,1079,0
6,1,51,105,63,94,23,42,1131,0
6,1,52,107,64,96,23,42,1185,0
6,1,53,109,65,98,23,43,1241,0
6,1,54,111,67,100,24,44,1299,0
6,1,55,114,68,102,24,44,1359,0
6,1,56,116,69,104,24,45,1421,0
6,1,57,118,71,106,24,45,1485,0
6,1,58,120,72,108,25,46,1551,0
6,1,59,123,74,110,25,46,1619,0
6,1,60,125,75,112,25,47,1689,0
6,3,1,25,18,23,15,23,26,63
6,3,2,25,19,24,16,24,33,70
6,3,3,26,20,25,16,24,40,91
6,3,4,26,22,25,17,25,57,98
6,3,5,27,23,26,17,25,64,121
6,3,6,27,24,27,18,26,71,130
6,3,7,27,25,28,18,26,78,155
6,3,8,28,26,29,19,27,85,166
6,3,9,28,28,30,19,28,92,193
6,3,10,29,29,30,20,28,109,206
6,3,11,29,30,31,20,29,116,235
6,3,12,30,32,32,21,30,123,250
6,3,13,30,33,33,22,30,130,266
6,3,14,31,34,34,22,31,138,298
6,3,15,31,36,35,23,31,147,316
6,3,16,32,37,36,23,32,157,350
6,3,17,32,38,37,24,33,168,370
6,3,18,33,40,38,25,34,180,391
6,3,19,33,41,39,25,34,193,428
6,3,20,34,43,40,26,35,207,451
6,3,21,34,44,41,27,36,222,475
6,3,22,35,46,42,27,36,238,515
6,3,23,35,47,43,28,37,255,541
6,3,24,36,49,44,29,38,273,568
6,3,25,36,50,45,29,39,292,611
6,3,26,37,52,46,30,39,312,640
6,3,27,37,54,47,31,40,333,670
6,3,28,38,55,48,31,41,355,715
6,3,29,38,57,49,32,42,378,745
6,3,30,39,59,50,33,42,402,775
6,3,31,39,60,52,34,43,417,805
6,3,32,40,62,53,34,44,443,850
6,3,33,41,64,54,35,45,470,880
6,3,34,41,65,55,36,46,498,910
6,3,35,42,67,56,37,47,527,940
6,3,36,43,69,58,38,48,547,970
6,3,37,43,71,59,38,48,578,1015
6,3,38,44,73,60,39,49,610,1045
6,3,39,44,75,61,40,50,643,1075
6,3,40,45,76,63,41,51,667,1105
6,3,41,46,78,64,42,52,702,1135
6,3,42,46,80,65,42,53,738,1180
6,3,43,47,82,66,43,54,775,1210
6,3,44,48,84,68,44,55,803,1240
6,3,45,48,86,69,45,56,842,1270
6,3,46,49,88,71,46,57,872,1300
6,3,47,50,90,72,47,58,913,1330
6,3,48,51,93,73,48,59,955,1360
6,3,49,51,95,75,49,60,988,1390
6,3,50,52,97,76,50,61,1032,1420
6,3,51,53,99,78,51,62,1067,1450
6,3,52,54,101,79,52,63,1113,1480
6,3,53,54,103,81,53,64,1150,1510
6,3,54,55,106,82,54,65,1198,1540
6,3,55,56,108,84,55,66,1237,1570
6,3,56,57,110,85,56,67,1287,1600
6,3,57,58,113,87,57,69,1328,1630
6,3,58,58,115,89,58,70,1370,1660
6,3,59,59,118,90,59,71,1423,1690
6,3,60,60,120,92,60,72,1467,1720
6,7,1,26,15,23,16,24,27,53
6,7,2,27,15,24,17,25,34,61
6,7,3,27,16,25,18,26,41,68
6,7,4,28,16,26,18,27,48,91
6,7,5,29,17,26,19,28,65,100
6,7,6,30,17,27,20,29,72,110
6,7,7,31,17,28,21,30,79,121
6,7,8,31,18,29,22,30,86,133
6,7,9,32,18,30,23,31,93,161
6,7,10,33,19,31,23,32,100,175
6,7,11,34,19,32,24,33,107,190
6,7,12,35,20,33,25,34,114,206
6,7,13,35,20,34,26,35,121,223
6,7,14,36,21,35,27,36,128,241
6,7,15,37,21,36,28,38,135,260
6,7,16,38,22,37,29,39,142,280
6,7,17,39,22,38,30,40,150,301
6,7,18,40,23,39,31,41,159,323
6,7,19,41,23,40,32,42,169,346
6,7,20,42,24,41,33,43,180,370
6,7,21,43,24,42,34,44,192,395
6,7,22,43,25,43,35,45,205,456
6,7,23,44,25,44,36,46,219,448
6,7,24,45,26,45,37,48,234,476
6,7,25,46,26,47,38,49,240,505
6,7,26,47,27,48,39,50,257,579
6,7,27,48,27,49,40,51,275,566
6,7,28,49,28,50,41,52,294,598
6,7,29,50,28,51,42,54,314,631
6,7,30,51,29,52,43,55,335,718
6,7,31,53,29,54,45,56,347,699
6,7,32,54,30,55,46,58,370,733
6,7,33,55,31,56,47,59,394,767
6,7,34,56,31,57,48,60,419,786
6,7,35,57,32,59,49,62,435,820
6,7,36,58,33,60,51,63,462,854
6,7,37,59,33,61,52,64,490,888
6,7,38,60,34,63,53,66,509,922
6,7,39,61,34,64,54,67,539,941
6,7,40,63,35,65,56,69,570,975
6,7,41,64,36,67,57,70,592,1009
6,7,42,65,36,68,58,72,625,1028
6,7,43,66,37,70,59,73,649,1062
6,7,44,68,38,71,61,75,684,1096
6,7,45,69,38,73,62,76,710,1115
6,7,46,70,39,74,64,78,747,1149
6,7,47,71,40,76,65,79,775,1183
6,7,48,73,41,77,66,81,814,1202
6,7,49,74,41,79,68,83,844,1236
6,7,50,75,42,80,69,84,885,1255
6,7,51,77,43,82,71,86,917,1289
6,7,52,78,44,83,72,88,960,1313
6,7,53,80,44,85,74,89,994,1342
6,7,54,81,45,87,75,91,1029,1376
6,7,55,82,46,88,77,93,1075,1395
6,7,56,84,47,90,78,95,1112,1414
6,7,57,85,48,92,80,96,1150,1448
6,7,58,87,48,93,82,98,1199,1467
6,7,59,88,49,95,83,100,1239,1501
6,7,60,90,50,97,85,102,1280,1520
6,11,1,26,15,22,17,24,33,17
6,11,2,27,15,23,18,25,41,57
6,11,3,27,16,23,19,26,58,65
6,11,4,28,16,24,20,27,65,74
6,11,5,28,17,24,21,28,82,84
6,11,6,29,17,25,22,29,89,95
6,11,7,29,18,26,23,30,96,107
6,11,8,30,18,26,23,31,113,120
6,11,9,30,19,27,24,32,120,134
6,11,10,31,19,27,25,33,137,149
6,11,11,31,20,28,26,35,144,165
6,11,12,32,20,29,27,36,151,182
6,11,13,32,21,29,28,37,168,200
6,11,14,33,21,30,29,38,175,219
6,11,15,34,22,31,31,39,182,239
6,11,16,34,22,31,32,40,199,260
6,11,17,35,23,32,33,42,206,282
6,11,18,35,24,33,34,43,214,305
6,11,19,36,24,33,35,44,233,329
6,11,20,37,25,34,36,45,243,354
6,11,21,37,25,35,37,47,254,380
6,11,22,38,26,36,38,48,266,392
6,11,23,39,27,36,39,49,289,420
6,11,24,39,27,37,41,51,303,449
6,11,25,40,28,38,42,52,318,479
6,11,26,41,28,39,43,53,334,509
6,11,27,41,29,39,44,55,361,524
6,11,28,42,30,40,45,56,379,554
6,11,29,43,30,41,47,58,398,584
6,11,30,43,31,42,48,59,418,614
6,11,31,44,32,43,49,60,439,629
6,11,32,45,32,44,51,62,461,659
6,11,33,46,33,44,52,63,494,689
6,11,34,46,34,45,53,65,518,704
6,11,35,47,34,46,55,66,543,734
6,11,36,48,35,47,56,68,569,749
6,11,37,49,36,48,57,70,596,779
6,11,38,50,36,49,59,71,624,809
6,11,39,50,37,50,60,73,653,824
6,11,40,51,38,51,62,74,683,854
6,11,41,52,39,52,63,76,714,869
6,11,42,53,39,53,65,78,746,899
6,11,43,54,40,54,66,79,779,914
6,11,44,55,41,54,68,81,823,944
6,11,45,55,42,55,69,83,858,959
6,11,46,56,43,56,71,85,894,989
6,11,47,57,43,58,72,86,921,1004
6,11,48,58,44,59,74,88,959,1019
6,11,49,59,45,60,76,90,998,1049
6,11,50,60,46,61,77,92,1038,1064
6,11,51,61,47,62,79,94,1079,1079
6,11,52,62,48,63,81,96,1121,1109
6,11,53,63,49,64,82,98,1164,1124
6,11,54,64,49,65,84,100,1208,1139
6,11,55,65,50,66,86,102,1253,1154
6,11,56,66,51,67,88,104,1299,1169
6,11,57,67,52,68,89,106,1346,1199
6,11,58,68,53,70,91,108,1384,1214
6,11,59,69,54,71,93,110,1433,1229
6,11,60,70,55,72,95,112,1483,1244
7,1,1,18,23,21,23,20,20,0
7,1,2,19,24,22,24,20,29,0
7,1,3,20,24,23,24,21,38,0
7,1,4,21,25,24,24,21,47,0
7,1,5,23,26,25,24,21,56,0
7,1,6,24,27,26,25,21,65,0
7,1,7,25,27,27,25,22,74,0
7,1,8,26,28,28,25,22,83,0
7,1,9,27,29,29,25,22,92,0
7,1,10,28,29,30,25,23,101,0
7,1,11,30,30,32,25,23,100,0
7,1,12,31,31,33,25,23,109,0
7,1,13,32,32,34,25,24,118,0
7,1,14,34,33,35,26,24,128,0
7,1,15,35,33,36,26,24,139,0
7,1,16,36,34,37,26,25,151,0
7,1,17,37,35,39,26,25,154,0
7,1,18,39,36,40,26,25,168,0
7,1,19,40,37,41,26,26,168,0
7,1,20,42,38,42,26,26,199,0
7,1,21,43,38,44,27,26,206,0
7,1,22,44,39,45,27,27,224,0
7,1,23,46,40,46,27,27,243,0
7,1,24,47,41,48,27,28,253,0
7,1,25,49,42,49,27,28,274,0
7,1,26,50,43,50,27,28,296,0
7,1,27,52,44,52,27,29,309,0
7,1,28,53,45,53,28,29,333,0
7,1,29,55,46,55,28,30,348,0
7,1,30,57,47,56,28,30,374,0
7,1,31,58,48,57,28,30,401,0
7,1,32,60,49,59,28,31,419,0
7,1,33,61,50,60,28,31,448,0
7,1,34,63,51,62,29,32,468,0
7,1,35,65,52,63,29,32,499,0
7,1,36,67,53,65,29,33,521,0
7,1,37,68,54,67,29,33,545,0
7,1,38,70,55,68,29,33,581,0
7,1,39,72,56,70,30,34,609,0
7,1,40,74,57,71,30,34,649,0
7,1,41,75,59,73,30,35,681,0
7,1,42,77,60,75,30,35,715,0
7,1,43,79,61,76,30,36,761,0
7,1,44,81,62,78,30,36,799,0
7,1,45,83,63,80,32,37,839,0
7,1,46,85,64,82,32,37,881,0
7,1,47,87,66,83,32,38,935,0
7,1,48,89,67,85,32,38,981,0
7,1,49,91,68,87,33,39,1029,0
7,1,50,93,69,89,33,39,1079,0
7,1,51,95,71,91,33,40,1131,0
7,1,52,97,72,93,33,40,1185,0
7,1,53,99,73,95,33,41,1241,0
7,1,54,101,75,97,34,42,1299,0
7,1,55,104,76,99,34,42,1359,0
7,1,56,106,77,101,34,43,1421,0
7,1,57,108,79,103,34,43,1485,0
7,1,58,110,80,105,35,44,1551,0
7,1,59,113,82,107,35,44,1619,0
7,1,60,115,83,109,35,45,1689,0
7,4,1,16,26,20,23,20,25,0
7,4,2,17,27,21,24,20,32,0
7,4,3,17,28,21,24,21,49,0
7,4,4,18,30,22,25,21,56,0
7,4,5,19,31,23,25,21,63,0
7,4,6,19,32,23,25,22,80,0
7,4,7,20,34,24,25,22,87,0
7,4,8,21,35,24,25,22,104,0
7,4,9,22,36,25,25,23,111,0
7,4,10,22,38,26,26,23,118,0
7,4,11,23,39,27,26,24,125,0
7,4,12,24,40,27,26,24,142,0
7,4,13,25,42,28,26,24,149,0
7,4,14,25,43,29,26,25,156,0
7,4,15,26,45,29,27,25,173,0
7,4,16,27,46,30,27,26,181,0
7,4,17,28,47,31,27,26,190,0
7,4,18,29,49,32,27,26,200,0
7,4,19,30,51,32,27,27,221,0
7,4,20,30,52,33,28,27,233,0
7,4,21,31,54,34,28,28,246,0
7,4,22,32,55,35,28,28,260,0
7,4,23,33,57,36,28,29,275,0
7,4,24,34,58,36,29,29,301,0
7,4,25,35,60,37,29,30,318,0
7,4,26,36,62,38,29,30,336,0
7,4,27,37,63,39,29,30,355,0
7,4,28,38,65,40,29,31,375,0
7,4,29,38,67,41,30,31,396,0
7,4,30,39,69,41,30,32,428,0
7,4,31,40,70,42,30,32,451,0
7,4,32,41,72,43,30,33,475,0
7,4,33,42,74,44,32,33,500,0
7,4,34,43,76,45,32,34,526,0
7,4,35,44,78,46,32,34,553,0
7,4,36,46,80,47,33,35,581,0
7,4,37,47,81,48,33,36,610,0
7,4,38,48,83,49,33,36,640,0
7,4,39,49,85,50,33,37,671,0
7,4,40,50,87,51,34,37,703,0
7,4,41,51,89,52,34,38,736,0
7,4,42,52,91,53,34,38,770,0
7,4,43,53,93,54,34,39,805,0
7,4,44,54,96,55,35,39,841,0
7,4,45,56,98,56,35,40,878,0
7,4,46,57,100,57,35,41,916,0
7,4,47,58,102,58,36,41,955,0
7,4,48,59,104,59,36,42,995,0
7,4,49,60,106,61,36,43,1026,0
7,4,50,62,109,62,37,43,1068,0
7,4,51,63,111,63,37,44,1111,0
7,4,52,64,113,64,37,44,1155,0
7,4,53,65,116,65,38,45,1200,0
7,4,54,67,118,66,38,46,1246,0
7,4,55,68,120,68,38,46,1283,0
7,4,56,69,123,69,39,47,1331,0
7,4,57,71,125,70,39,48,1380,0
7,4,58,72,128,71,39,49,1430,0
7,4,59,74,130,73,40,49,1471,0
7,4,60,75,133,74,40,50,1523,0
7,8,1,15,23,19,26,22,31,100
7,8,2,15,23,19,28,23,37,170
7,8,3,15,23,20,29,24,42,181
7,8,4,15,24,20,32,25,57,178
7,8,5,15,24,20,33,27,72,191
7,8,6,16,24,20,34,28,87,205
7,8,7,16,24,21,35,29,92,220
7,8,8,16,24,21,36,30,107,221
7,8,9,16,24,21,38,31,122,238
7,8,10,16,25,22,39,33,127,256
7,8,11,16,25,22,40,34,142,275
7,8,12,16,25,22,42,35,157,280
7,8,13,16,25,23,43,36,162,301
7,8,14,17,25,23,44,38,177,323
7,8,15,17,26,23,46,39,192,331
7,8,16,17,26,24,47,40,197,355
7,8,17,17,26,24,48,42,212,365
7,8,18,17,26,24,50,43,227,391
7,8,19,17,26,25,51,44,232,403
7,8,20,17,27,25,54,46,247,431
7,8,21,18,27,25,55,47,262,445
7,8,22,18,27,26,57,49,267,475
7,8,23,18,27,26,58,50,282,491
7,8,24,18,28,27,60,52,288,523
7,8,25,18,28,27,61,53,305,541
7,8,26,18,28,27,63,55,323,575
7,8,27,18,28,28,65,56,332,595
7,8,28,19,28,28,66,58,352,616
7,8,29,19,29,29,68,59,363,652
7,8,30,19,29,29,70,61,385,673
7,8,31,19,29,29,71,63,408,694
7,8,32,19,29,30,74,64,422,730
7,8,33,19,30,30,76,66,447,751
7,8,34,20,30,31,77,68,463,772
7,8,35,20,30,31,79,69,490,793
7,8,36,20,31,32,81,71,508,814
7,8,37,20,31,32,83,73,537,850
7,8,38,20,31,32,85,75,567,871
7,8,39,21,31,33,87,76,588,892
7,8,40,21,32,33,88,78,620,913
7,8,41,21,32,34,90,80,643,934
7,8,42,21,32,34,92,82,677,955
7,8,43,21,32,35,95,84,702,976
7,8,44,21,33,35,97,86,738,997
7,8,45,22,33,36,99,88,765,1018
7,8,46,22,33,36,101,90,803,1039
7,8,47,22,34,37,103,92,832,1060
7,8,48,22,34,37,106,94,872,1081
7,8,49,23,34,38,108,96,903,1102
7,8,50,23,35,38,110,98,945,1108
7,8,51,23,35,39,112,100,978,1129
7,8,52,23,35,39,114,102,1022,1150
7,8,53,23,36,40,117,104,1057,1171
7,8,54,24,36,41,120,106,1093,1177
7,8,55,24,36,41,122,109,1140,1198
7,8,56,24,37,42,124,111,1178,1219
7,8,57,24,37,42,127,113,1227,1225
7,8,58,25,37,43,129,115,1267,1246
7,8,59,25,38,43,132,118,1318,1252
7,8,60,25,38,44,133,120,1360,1273
7,9,1,15,23,20,25,22,23,59
7,9,2,15,23,21,27,23,28,98
7,9,3,16,24,21,28,24,43,107
7,9,4,16,24,22,29,25,48,117
7,9,5,16,24,22,30,26,63,128
7,9,6,16,25,23,32,27,68,140
7,9,7,17,25,23,33,29,83,153
7,9,8,17,25,24,34,30,88,167
7,9,9,17,26,24,35,31,103,182
7,9,10,18,26,25,36,32,108,198
7,9,11,18,27,25,38,33,123,200
7,9,12,18,27,26,39,34,128,218
7,9,13,19,27,26,40,36,143,237
7,9,14,19,28,27,41,37,148,257
7,9,15,19,28,28,42,38,153,278
7,9,16,20,29,28,43,39,168,300
7,9,17,20,29,29,45,41,173,308
7,9,18,20,29,29,46,42,189,332
7,9,19,21,30,30,47,43,196,357
7,9,20,21,30,31,48,45,204,383
7,9,21,21,31,31,50,46,223,395
7,9,22,22,31,32,51,47,233,423
7,9,23,22,32,33,53,49,244,452
7,9,24,23,32,33,55,50,266,467
7,9,25,23,33,34,56,52,279,498
7,9,26,23,33,35,57,53,293,530
7,9,27,24,33,35,59,54,318,548
7,9,28,24,34,36,60,56,334,582
7,9,29,25,34,37,62,57,351,602
7,9,30,25,35,37,63,59,379,638
7,9,31,25,35,37,64,62,398,674
7,9,32,26,36,39,66,62,418,695
7,9,33,26,36,40,67,64,439,731
7,9,34,27,37,40,69,65,471,752
7,9,35,27,37,41,70,67,494,788
7,9,36,28,38,42,72,69,518,809
7,9,37,28,39,43,75,69,543,830
7,9,38,28,39,44,76,72,569,866
7,9,39,29,40,44,78,74,606,887
7,9,40,29,40,45,79,75,634,923
7,9,41,30,41,46,81,77,663,944
7,9,42,30,41,47,83,79,693,965
7,9,43,31,42,48,84,81,724,1001
7,9,44,31,42,49,86,82,756,1022
7,9,45,32,43,49,88,84,799,1043
7,9,46,32,44,50,90,86,823,1064
7,9,47,33,44,51,91,88,868,1100
7,9,48,33,45,52,93,90,904,1121
7,9,49,34,46,53,96,92,941,1142
7,9,50,34,46,54,98,93,979,1163
7,9,51,35,47,55,100,96,1018,1184
7,9,52,35,47,56,102,98,1058,1205
7,9,53,36,48,57,104,100,1089,1226
7,9,54,37,49,58,106,102,1131,1247
7,9,55,37,49,58,108,104,1184,1268
7,9,56,38,50,60,110,106,1228,1289
7,9,57,38,51,61,112,108,1273,1310
7,9,58,39,52,62,114,111,1319,1331
7,9,59,39,52,63,117,111,1366,1352
7,9,60,40,53,64,119,115,1414,1373
8,1,1,24,22,23,16,21,20,0
8,1,2,25,23,24,16,21,29,0
8,1,3,26,23,25,16,22,38,0
8,1,4,27,24,26,16,22,47,0
8,1,5,29,25,27,16,22,56,0
8,1,6,30,26,28,17,22,65,0
8,1,7,31,26,29,17,23,74,0
8,1,8,32,27,30,17,23,83,0
8,1,9,33,28,31,17,23,92,0
8,1,10,34,28,32,17,24,101,0
8,1,11,36,29,34,17,24,100,0
8,1,12,37,30,35,17,24,109,0
8,1,13,38,31,36,17,25,118,0
8,1,14,40,32,37,18,25,128,0
8,1,15,41,32,38,18,25,139,0
8,1,16,42,33,39,18,26,151,0
8,1,17,43,34,41,18,26,154,0
8,1,18,45,35,42,18,26,168,0
8,1,19,46,36,43,18,27,168,0
8,1,20,48,37,44,18,27,199,0
8,1,21,49,37,46,19,27,206,0
8,1,22,50,38,47,19,28,224,0
8,1,23,52,39,48,19,28,243,0
8,1,24,53,40,50,19,29,253,0
8,1,25,55,41,51,19,29,274,0
8,1,26,56,42,52,19,29,296,0
8,1,27,58,43,54,19,30,309,0
8,1,28,59,44,55,20,30,333,0
8,1,29,61,45,57,20,31,348,0
8,1,30,63,46,58,20,31,374,0
8,1,31,64,47,59,20,31,401,0
8,1,32,66,48,61,20,32,419,0
8,1,33,67,49,62,20,32,448,0
8,1,34,69,50,64,21,33,468,0
8,1,35,71,51,65,21,33,499,0
8,1,36,73,52,67,21,34,521,0
8,1,37,74,53,69,21,34,545,0
8,1,38,76,54,70,21,34,581,0
8,1,39,78,55,72,22,35,609,0
8,1,40,80,56,73,22,35,649,0
8,1,41,81,58,75,22,36,681,0
8,1,42,83,59,77,22,36,715,0
8,1,43,85,60,78,22,37,761,0
8,1,44,87,61,80,22,37,799,0
8,1,45,89,62,82,23,38,839,0
8,1,46,91,63,84,23,38,881,0
8,1,47,93,65,85,23,39,935,0
8,1,48,95,66,87,23,39,981,0
8,1,49,97,67,89,24,40,1029,0
8,1,50,99,68,91,24,40,1079,0
8,1,51,101,70,93,24,41,1131,0
8,1,52,103,71,95,24,41,1185,0
8,1,53,105,72,97,24,42,1241,0
8,1,54,107,74,99,25,43,1299,0
8,1,55,110,75,101,25,43,1359,0
8,1,56,112,76,103,25,44,1421,0
8,1,57,114,78,105,25,44,1485,0
8,1,58,116,79,107,26,45,1551,0
8,1,59,119,81,109,26,45,1619,0
8,1,60,121,82,111,26,46,1689,0
8,3,1,21,25,22,16,22,26,63
8,3,2,21,26,23,17,23,33,70
8,3,3,22,27,24,17,23,40,91
8,3,4,22,29,24,18,24,57,98
8,3,5,23,30,25,18,24,64,121
8,3,6,23,31,26,19,25,71,130
8,3,7,23,32,27,19,25,78,155
8,3,8,24,33,28,20,26,85,166
8,3,9,24,35,29,20,27,92,193
8,3,10,25,36,29,21,27,109,206
8,3,11,25,37,30,21,28,116,235
8,3,12,26,39,31,22,29,123,250
8,3,13,26,40,32,23,29,130,266
8,3,14,27,41,33,23,30,138,298
8,3,15,27,43,34,24,30,147,316
8,3,16,28,44,35,24,31,157,350
8,3,17,28,45,36,25,32,168,370
8,3,18,29,47,37,26,33,180,391
8,3,19,29,48,38,26,33,193,428
8,3,20,30,50,39,27,34,207,451
8,3,21,30,51,40,28,35,222,475
8,3,22,31,53,41,28,35,238,515
8,3,23,31,54,42,29,36,255,541
8,3,24,32,56,43,30,37,273,568
8,3,25,32,57,44,30,38,292,611
8,3,26,33,59,45,31,38,312,640
8,3,27,33,61,46,32,39,333,670
8,3,28,34,62,47,32,40,355,715
8,3,29,34,64,48,33,41,378,745
8,3,30,35,66,49,34,41,402,775
8,3,31,35,67,51,35,42,417,805
8,3,32,36,69,52,35,43,443,850
8,3,33,37,71,53,36,44,470,880
8,3,34,37,72,54,37,45,498,910
8,3,35,38,74,55,38,46,527,940
8,3,36,39,76,57,39,47,547,970
8,3,37,39,78,58,39,47,578,1015
8,3,38,40,80,59,40,48,610,1045
8,3,39,40,82,60,41,49,643,1075
8,3,40,41,83,62,42,50,667,1105
8,3,41,42,85,63,43,51,702,1135
8,3,42,42,87,64,43,52,738,1180
8,3,43,43,89,65,44,53,775,1210
8,3,44,44,91,67,45,54,803,1240
8,3,45,44,93,68,46,55,842,1270
8,3,46,45,95,70,47,56,872,1300
8,3,47,46,97,71,48,57,913,1330
8,3,48,47,100,72,49,58,955,1360
8,3,49,47,102,74,50,59,988,1390
8,3,50,48,104,75,51,60,1032,1420
8,3,51,49,106,77,52,61,1067,1450
8,3,52,50,108,78,53,62,1113,1480
8,3,53,50,110,80,54,63,1150,1510
8,3,54,51,113,81,55,64,1198,1540
8,3,55,52,115,83,56,65,1237,1570
8,3,56,53,117,84,57,66,1287,1600
8,3,57,54,120,86,58,68,1328,1630
8,3,58,54,122,88,59,69,1370,1660
8,3,59,55,125,89,60,70,1423,1690
8,3,60,56,127,91,61,71,1467,1720
8,4,1,22,25,22,16,21,25,0
8,4,2,23,26,23,16,21,32,0
8,4,3,23,27,23,16,22,49,0
8,4,4,24,29,24,17,22,56,0
8,4,5,25,30,25,17,22,63,0
8,4,6,25,31,25,17,23,80,0
8,4,7,26,33,26,17,23,87,0
8,4,8,27,34,26,17,23,104,0
8,4,9,28,35,27,17,24,111,0
8,4,10,28,37,28,18,24,118,0
8,4,11,29,38,29,18,25,125,0
8,4,12,30,39,29,18,25,142,0
8,4,13,31,41,30,18,25,149,0
8,4,14,31,42,31,18,26,156,0
8,4,15,32,44,31,19,26,173,0
8,4,16,33,45,32,19,27,181,0
8,4,17,34,46,33,19,27,190,0
8,4,18,35,48,34,19,27,200,0
8,4,19,36,50,34,19,28,221,0
8,4,20,36,51,35,20,28,233,0
8,4,21,37,53,36,20,29,246,0
8,4,22,38,54,37,20,29,260,0
8,4,23,39,56,38,20,30,275,0
8,4,24,40,57,38,21,30,301,0
8,4,25,41,59,39,21,31,318,0
8,4,26,42,61,40,21,31,336,0
8,4,27,43,62,41,21,31,355,0
8,4,28,44,64,42,21,32,375,0
8,4,29,44,66,43,22,32,396,0
8,4,30,45,68,43,22,33,428,0
8,4,31,46,69,44,22,33,451,0
8,4,32,47,71,45,22,34,475,0
8,4,33,48,73,46,23,34,500,0
8,4,34,49,75,47,23,35,526,0
8,4,35,50,77,48,23,35,553,0
8,4,36,52,79,49,24,36,581,0
8,4,37,53,80,50,24,37,610,0
8,4,38,54,82,51,24,37,640,0
8,4,39,55,84,52,24,38,671,0
8,4,40,56,86,53,25,38,703,0
8,4,41,57,88,54,25,39,736,0
8,4,42,58,90,55,25,39,770,0
8,4,43,59,92,56,25,40,805,0
8,4,44,60,95,57,26,40,841,0
8,4,45,62,97,58,26,41,878,0
8,4,46,63,99,59,26,42,916,0
8,4,47,64,101,60,27,42,955,0
8,4,48,65,103,61,27,43,995,0
8,4,49,66,105,63,27,44,1026,0
8,4,50,68,108,64,28,44,1068,0
8,4,51,69,110,65,28,45,1111,0
8,4,52,70,112,66,28,45,1155,0
8,4,53,71,115,67,29,46,1200,0
8,4,54,73,117,68,29,47,1246,0
8,4,55,74,119,70,29,47,1283,0
8,4,56,75,122,71,30,48,1331,0
8,4,57,77,124,72,30,49,1380,0
8,4,58,78,127,73,30,50,1430,0
8,4,59,80,129,75,31,50,1471,0
8,4,60,81,132,76,31,51,1523,0
8,5,1,21,22,21,18,24,31,110
8,5,2,21,22,21,19,25,37,165
8,5,3,21,22,22,20,26,42,189
8,5,4,22,23,22,21,28,57,200
8,5,5,22,23,22,23,29,72,197
8,5,6,22,23,23,24,30,77,210
8,5,7,22,23,23,25,31,92,224
8,5,8,22,24,23,26,32,107,239
8,5,9,22,24,24,27,34,112,255
8,5,10,23,24,24,29,35,127,272
8,5,11,23,24,25,30,36,132,275
8,5,12,23,25,25,31,38,147,294
8,5,13,23,25,25,32,39,162,314
8,5,14,23,25,26,34,40,167,320
8,5,15,24,25,26,35,42,182,342
8,5,16,24,26,27,36,43,187,365
8,5,17,24,26,27,38,44,202,389
8,5,18,24,26,27,39,46,217,399
8,5,19,24,27,28,40,47,222,425
8,5,20,25,27,28,42,49,237,437
8,5,21,25,27,29,43,50,242,465
8,5,22,25,27,29,45,52,258,494
8,5,23,25,28,30,46,53,265,509
8,5,24,26,28,30,48,55,283,540
8,5,25,26,28,31,49,56,292,557
8,5,26,26,29,31,51,58,312,590
8,5,27,26,29,31,52,60,333,609
8,5,28,26,29,32,54,61,345,644
8,5,29,27,30,32,55,63,368,665
8,5,30,27,30,33,57,65,382,687
8,5,31,27,30,33,59,66,407,725
8,5,32,27,31,34,60,68,423,749
8,5,33,28,31,34,62,70,450,788
8,5,34,28,31,35,64,71,468,812
8,5,35,28,32,35,65,73,497,836
8,5,36,29,32,36,67,75,517,860
8,5,37,29,32,37,69,77,538,899
8,5,38,29,33,37,71,79,570,923
8,5,39,29,33,38,72,81,593,947
8,5,40,30,33,38,74,82,627,971
8,5,41,30,34,39,76,84,652,1010
8,5,42,30,34,39,78,86,688,1034
8,5,43,30,35,40,80,88,715,1058
8,5,44,31,35,40,82,90,753,1082
8,5,45,31,35,41,84,92,782,1106
8,5,46,31,36,42,86,94,812,1130
8,5,47,32,36,42,88,96,853,1154
8,5,48,32,37,43,90,99,885,1178
8,5,49,32,37,44,92,101,918,1202
8,5,50,33,37,44,94,103,962,1226
8,5,51,33,38,45,96,105,997,1250
8,5,52,33,38,45,98,107,1043,1274
8,5,53,34,39,46,100,109,1080,1298
8,5,54,34,39,47,102,112,1118,1322
8,5,55,34,40,47,105,114,1167,1331
8,5,56,35,40,48,107,116,1207,1355
8,5,57,35,41,49,109,119,1248,1379
8,5,58,35,41,50,111,121,1290,1403
8,5,59,36,42,50,114,124,1343,1412
8,5,60,36,42,51,116,126,1387,1436
8,7,1,22,22,22,17,23,27,53
8,7,2,23,22,23,18,24,34,61
8,7,3,23,23,24,19,25,41,68
8,7,4,24,23,25,19,26,48,91
8,7,5,25,24,25,20,27,65,100
8,7,6,26,24,26,21,28,72,110
8,7,7,27,24,27,22,29,79,121
8,7,8,27,25,28,23,29,86,133
8,7,9,28,25,29,24,30,93,161
8,7,10,29,26,30,24,31,100,175
8,7,11,30,26,31,25,32,107,190
8,7,12,31,27,32,26,33,114,206
8,7,13,31,27,33,27,34,121,223
8,7,14,32,28,34,28,35,128,241
8,7,15,33,28,35,29,37,135,260
8,7,16,34,29,36,30,38,142,280
8,7,17,35,29,37,31,39,150,301
8,7,18,36,30,38,32,40,159,323
8,7,19,37,30,39,33,41,169,346
8,7,20,38,31,40,34,42,180,370
8,7,21,39,31,41,35,43,192,395
8,7,22,39,32,42,36,44,205,456
8,7,23,40,32,43,37,45,219,448
8,7,24,41,33,44,38,47,234,476
8,7,25,42,33,46,39,48,240,505
8,7,26,43,34,47,40,49,257,579
8,7,27,44,34,48,41,50,275,566
8,7,28,45,35,49,42,51,294,598
8,7,29,46,35,50,43,53,314,631
8,7,30,47,36,51,44,54,335,718
8,7,31,49,36,53,46,55,347,699
8,7,32,50,37,54,47,57,370,733
8,7,33,51,38,55,48,58,394,767
8,7,34,52,38,56,49,59,419,786
8,7,35,53,39,58,50,61,435,820
8,7,36,54,40,59,52,62,462,854
8,7,37,55,40,60,53,63,490,888
8,7,38,56,41,62,54,65,509,922
8,7,39,57,41,63,55,66,539,941
8,7,40,59,42,64,57,68,570,975
8,7,41,60,43,66,58,69,592,1009
8,7,42,61,43,67,59,71,625,1028
8,7,43,62,44,69,60,72,649,1062
8,7,44,64,45,70,62,74,684,1096
8,7,45,65,45,72,63,75,710,1115
8,7,46,66,46,73,65,77,747,1149
8,7,47,67,47,75,66,78,775,1183
8,7,48,69,48,76,67,80,814,1202
8,7,49,70,48,78,69,82,844,1236
8,7,50,71,49,79,70,83,885,1255
8,7,51,73,50,81,72,85,917,1289
8,7,52,74,51,82,73,87,960,1313
8,7,53,76,51,84,75,88,994,1342
8,7,54,77,52,86,76,90,1029,1376
8,7,55,78,53,87,78,92,1075,1395
8,7,56,80,54,89,79,94,1112,1414
8,7,57,81,55,91,81,95,1150,1448
8,7,58,83,55,92,83,97,1199,1467
8,7,59,84,56,94,84,99,1239,1501
8,7,60,86,57,96,86,101,1280,1520
8,8,1,21,22,21,19,23,31,100
8,8,2,21,22,21,20,24,37,170
8,8,3,21,22,22,21,25,42,181
8,8,4,21,23,22,23,26,57,178
8,8,5,21,23,22,24,28,72,191
8,8,6,22,23,22,25,29,87,205
8,8,7,22,23,23,26,30,92,220
8,8,8,22,23,23,27,31,107,221
8,8,9,22,23,23,29,32,122,238
8,8,10,22,24,24,30,34,127,256
8,8,11,22,24,24,31,35,142,275
8,8,12,22,24,24,33,36,157,280
8,8,13,22,24,25,34,37,162,301
8,8,14,23,24,25,35,39,177,323
8,8,15,23,25,25,37,40,192,331
8,8,16,23,25,26,38,41,197,355
8,8,17,23,25,26,39,43,212,365
8,8,18,23,25,26,41,44,227,391
8,8,19,23,25,27,42,45,232,403
8,8,20,23,26,27,44,47,247,431
8,8,21,24,26,27,45,48,262,445
8,8,22,24,26,28,47,50,267,475
8,8,23,24,26,28,48,51,282,491
8,8,24,24,27,29,50,53,288,523
8,8,25,24,27,29,51,54,305,541
8,8,26,24,27,29,53,56,323,575
8,8,27,24,27,30,55,57,332,595
8,8,28,25,27,30,56,59,352,616
8,8,29,25,28,31,58,60,363,652
8,8,30,25,28,31,60,62,385,673
8,8,31,25,28,31,61,64,408,694
8,8,32,25,28,32,63,65,422,730
8,8,33,25,29,32,65,67,447,751
8,8,34,26,29,33,66,69,463,772
8,8,35,26,29,33,68,70,490,793
8,8,36,26,30,34,70,72,508,814
8,8,37,26,30,34,72,74,537,850
8,8,38,26,30,34,74,76,567,871
8,8,39,27,30,35,76,77,588,892
8,8,40,27,31,35,77,79,620,913
8,8,41,27,31,36,79,81,643,934
8,8,42,27,31,36,81,83,677,955
8,8,43,27,31,37,83,85,702,976
8,8,44,27,32,37,85,87,738,997
8,8,45,28,32,38,87,89,765,1018
8,8,46,28,32,38,89,91,803,1039
8,8,47,28,33,39,91,93,832,1060
8,8,48,28,33,39,94,95,872,1081
8,8,49,29,33,40,96,97,903,1102
8,8,50,29,34,40,98,99,945,1108
8,8,51,29,34,41,100,101,978,1129
8,8,52,29,34,41,102,103,1022,1150
8,8,53,29,35,42,104,105,1057,1171
8,8,54,30,35,43,107,107,1093,1177
8,8,55,30,35,43,109,110,1140,1198
8,8,56,30,36,44,111,112,1178,1219
8,8,57,30,36,44,114,114,1227,1225
8,8,58,31,36,45,116,116,1267,1246
8,8,59,31,37,45,119,119,1318,1252
8,8,60,31,37,46,121,121,1360,1273
